College,City,Role,Previous_CTC,Previous_job_change,Graduation_Marks,EXP_in_Months,CTC
SVNIT Surat,Asansol,Manager,55523,3,66,19,71406.58
NIT Bhopal,Ajmer,Executive,57081,1,84,18,68005.87
"IEM, Kolkata",Rajpur Sonarpur,Executive,60347,2,52,28,76764.02
"KIIT, Bhubaneswar",Ajmer,Executive,49010,2,81,33,82092.39
DTU,Durgapur,Executive,57879,4,74,32,73878.1
IIIT Delhi,Kolhapur,Executive,54340,4,73,31,59950.89
"BMS College, Bangalore",Surat,Executive,60298,1,42,46,66602.34
LNMIIT,Delhi,Executive,49944,2,56,37,57768.44
"Dayanand College of Engineering, Bangalore",Chennai,Executive,53124,4,40,37,70083.3
NIT Tiruchipally (Trichy),Kolhapur,Executive,51141,1,47,60,85648.48
IIT Ropar,Surat,Executive,49497,1,50,25,74914.15
NIT Rourkela,Ahmedabad,Manager,50197,2,66,62,85219.39
"KIIT, Bhubaneswar",Pune,Executive,63234,4,73,23,82910.94
IIT Kanpur,Rajpur Sonarpur,Executive,60059,2,71,56,74350.08
SRM Main Campus,Durgapur,Manager,66487,1,50,27,103595.83
"IEM, Kolkata",Asansol,Executive,49292,4,49,19,70729.63
Punjab Engineering College,Bangalore,Executive,55400,4,48,52,70051.94
NIT Tiruchipally (Trichy),Chennai,Executive,53089,2,72,23,69403.49
Punjab Engineering College,Ajmer,Executive,69345,3,79,56,84710.53
NIT Patna,Rajpur Sonarpur,Manager,63508,1,48,30,95879.94
Amity University,Hyderabad,Executive,60057,1,61,60,73487.13
IIT Indore,Durgapur,Executive,52402,3,35,30,61597.98
"Amrita University, Coimbatore",Kolkata,Executive,60180,2,68,18,63119.8
IIIT Delhi,Bangalore,Manager,53422,4,44,34,98586.83
IIIT Allahabad,Kolkata,Executive,49857,3,37,37,71502.56
IIT Indore,Kozhikode,Executive,48682,3,82,59,64320.67
NIT Silchar,Pune,Executive,48516,2,37,63,77310.22
IIT BHU (Varanasi),Pune,Executive,54363,3,44,55,74825.2
VNIT Nagpur,Pune,Executive,39636,3,43,23,59230.44
NIT Sikkim,Rajpur Sonarpur,Manager,65172,1,44,31,107138.14
IIT Indore,Rajpur Sonarpur,Manager,58529,1,65,22,102763.61
IIITM Gwalior,Durgapur,Executive,50011,2,72,18,69764.49
NIT Warangal,Kolhapur,Executive,50020,4,75,19,59889.14
"Amrita University, Coimbatore",Kolhapur,Executive,55764,2,64,63,82356.41
IIIT Hyderabad,Durgapur,Manager,60894,4,80,28,118651.89
NIT Raipur,Rourkela,Executive,42259,4,37,19,66762.27
TIET/Thapar University,Kozhikode,Executive,59978,2,75,62,79454.74
NSUT Delhi (NSIT),Hyderabad,Executive,47129,1,41,26,66079.85
IIIT Jabalpur,Rourkela,Manager,57485,1,77,35,103774.34
NIT Kurukshetra,Kozhikode,Manager,62593,3,71,60,112716.44
IGDTUW,Surat,Executive,48913,3,41,24,62819.16
Manipal Main Campus,Rajpur Sonarpur,Executive,66101,4,81,31,55470.55
IIT ISM Dhanbad,Ahmedabad,Executive,49622,2,73,41,69510.05
BITS Pilani (Pilani Campus),Chennai,Executive,59386,4,46,37,68064.76
"Jaypee, Noida",Kolkata,Executive,66050,1,35,38,69116.93
"Heritage Institute of Technology, Kolkata",Chennai,Executive,59492,1,69,55,86354.84
SRM Main Campus,Rourkela,Executive,61134,3,72,18,60456.69
Manipal Main Campus,Asansol,Executive,61956,4,54,28,71791.28
NIT Sikkim,Surat,Executive,46086,4,50,60,67626.89
SRM Main Campus,Ahmedabad,Manager,61481,3,79,36,99794.4
IIIT Delhi,Rourkela,Executive,55727,3,79,18,70350.79
IIIT Allahabad,Rourkela,Executive,61576,2,73,21,58818.77
SVNIT Surat,Kolhapur,Manager,57563,1,64,48,86487.58
"Techno India, Kolkata",Delhi,Manager,58288,3,84,36,92378.5
IIT Madras,Kozhikode,Executive,55282,3,60,40,73281.55
IIIT Hyderabad,Kozhikode,Manager,66624,1,63,58,110438.17
IIT Roorkee,Rajpur Sonarpur,Executive,59443,3,52,58,67485.1
BITS Pilani (Hyderabad Campus),Ajmer,Manager,51937,3,64,18,92518.37
Amity University,Durgapur,Manager,46477,3,37,53,72977.63
R.V. College of Engineering,Pune,Executive,62470,3,60,34,64770.75
NIT Raipur,Delhi,Executive,51123,2,52,43,74845.87
Jadavpur University,Delhi,Executive,56301,3,58,25,59913.31
IIT Roorkee,Surat,Executive,46670,1,69,64,95961.18
"BMS College, Bangalore",Hyderabad,Executive,54375,2,82,28,60766.38
IIT Madras,Hyderabad,Manager,45227,4,40,20,69193.96
NIT Warangal,Chennai,Executive,50787,4,81,19,66433.4
"Techno India, Kolkata",Kozhikode,Executive,62919,3,42,61,73410.95
IIT BHU (Varanasi),Kolkata,Executive,51770,3,45,40,68447.63
"KIIT, Bhubaneswar",Surat,Executive,60123,1,47,40,60185.4
"MAIT, Delhi",Bangalore,Manager,51002,4,41,28,76765.02
"KIIT, Bhubaneswar",Kolhapur,Manager,46940,1,69,27,70157.03
IIT Guwahati,Kolkata,Executive,49905,4,66,31,75297.34
IIT Madras,Rajpur Sonarpur,Executive,51505,2,55,53,76960.48
"PES University, Bangalore",Delhi,Executive,52474,3,79,58,76204.89
"MSIT, Delhi",Kozhikode,Executive,49172,2,57,44,63782.2
NIT Durgapur,Chennai,Executive,56916,3,42,57,69415.11
NIT Durgapur,Kolhapur,Executive,59386,1,38,29,64472.36
TIET/Thapar University,Hyderabad,Executive,55748,3,84,21,60815.42
DAIICT,Rourkela,Executive,65574,2,83,22,55902.83
NIT Sikkim,Chennai,Executive,58541,4,79,41,64468.29
Manipal Main Campus,Delhi,Executive,50672,4,79,31,76093.36
"IEM, Kolkata",Surat,Executive,68071,1,70,45,81430.49
NIT Surathkal (Karnataka),Ajmer,Manager,58815,4,71,22,106165.08
VIT Vellore,Bangalore,Executive,62493,3,74,48,67374.71
MNIT Jaipur,Pune,Manager,60182,4,59,37,103574.45
IIT Guwahati,Rajpur Sonarpur,Manager,42941,1,49,45,74191.43
"MSIT, Delhi",Ajmer,Manager,55505,2,40,57,100887.85
IIT Indore,Ahmedabad,Executive,54114,3,82,56,78715.16
Jalpaiguri Government Engineering College,Kolkata,Executive,57670,1,41,46,70686.71
BITS Pilani (Goa Campus),Pune,Executive,54361,2,68,55,73231.75
VIT Vellore,Pune,Executive,67083,4,39,21,66296.73
"Techno India, Kolkata",Chennai,Executive,52483,2,65,53,71738.23
Amity University,Kozhikode,Manager,55581,4,49,59,99551.34
"Dayanand College of Engineering, Bangalore",Chennai,Executive,62243,1,41,35,75903.42
SRM Main Campus,Kolkata,Manager,59293,1,81,64,105308.78
IIT Delhi,Ahmedabad,Executive,59707,3,70,28,56003.61
IIEST/BESU Shibpur,Bangalore,Executive,57726,4,84,54,68673.29
IIT Roorkee,Delhi,Executive,58401,4,45,55,76028.5
NSUT Delhi (NSIT),Durgapur,Manager,41228,2,64,56,87418.05
IIT Delhi,Ajmer,Manager,40945,1,46,38,74984.02
DTU,Chennai,Executive,54794,4,47,41,66591.29
MNNIT Allahabad,Chennai,Executive,51692,2,57,30,72088.04
IIITM Gwalior,Durgapur,Executive,52305,1,35,18,78521.17
NIT Durgapur,Ahmedabad,Manager,56680,4,63,61,85688.72
BITS Pilani (Goa Campus),Rajpur Sonarpur,Executive,52300,4,52,34,66657.86
Jadavpur University,Surat,Manager,56710,2,47,20,67879.02
IIT Kharagpur,Hyderabad,Executive,51351,1,69,19,60069.68
SVNIT Surat,Ahmedabad,Executive,51022,2,55,26,67820.31
MNIT Jaipur,Rajpur Sonarpur,Executive,52096,3,37,29,65685.02
IIT Ropar,Surat,Manager,59099,2,67,63,103305.3
VIT Vellore,Bangalore,Executive,57677,4,77,54,76671.69
Punjab Engineering College,Rourkela,Executive,59343,3,85,55,76577.99
NIT Raipur,Bangalore,Executive,54767,1,35,37,66693.98
NIT Durgapur,Rajpur Sonarpur,Executive,60869,1,77,21,60125.97
SRM Main Campus,Delhi,Executive,53949,4,81,52,80042.11
NIT Patna,Delhi,Executive,48707,4,77,60,97106.11
"MSIT, Delhi",Delhi,Executive,77911,1,50,58,87831.62
Manipal Main Campus,Kozhikode,Manager,54183,1,40,29,70630.95
SRM Main Campus,Ajmer,Executive,51099,3,71,49,67516.63
NIT Kurukshetra,Surat,Executive,51591,1,79,37,67573.29
NIT Calicut,Durgapur,Executive,61057,1,41,44,80714.79
IIT Guwahati,Kozhikode,Executive,48280,4,79,18,75430.51
"Amrita University, Coimbatore",Asansol,Executive,57606,4,78,20,54071.79
IIT Delhi,Rajpur Sonarpur,Manager,55440,4,72,44,112826.26
BITS Pilani (Hyderabad Campus),Surat,Executive,54055,1,63,47,60944.33
IIIT Hyderabad,Kolhapur,Executive,49862,3,82,26,65065.52
SVNIT Surat,Rourkela,Manager,56204,2,65,19,82667.77
NIT Patna,Chennai,Executive,65161,2,41,52,82517.59
IIT Delhi,Asansol,Manager,42143,3,38,32,88208.37
NIT Calicut,Kolhapur,Executive,57924,4,62,38,68023.41
"KIIT, Bhubaneswar",Pune,Executive,48755,2,69,59,73464.75
NIT Patna,Chennai,Executive,50926,3,83,61,77222
LNMIIT,Rourkela,Executive,65158,3,67,53,67163.57
"Amrita University, Coimbatore",Chennai,Executive,46073,4,73,19,59241.32
"KIIT, Bhubaneswar",Chennai,Executive,53110,4,43,20,72322.79
LNMIIT,Durgapur,Executive,50180,1,41,22,55226.53
NIT Surathkal (Karnataka),Hyderabad,Executive,61124,3,64,19,73417.07
SRM Main Campus,Surat,Executive,54583,3,82,22,63534.87
IIT Madras,Surat,Executive,52400,3,72,54,90774.04
IIT ISM Dhanbad,Pune,Executive,64264,1,51,22,77666.95
DTU,Surat,Executive,44197,3,52,34,95868.3
IGDTUW,Ajmer,Executive,56273,1,75,26,74544.57
IIT Kharagpur,Hyderabad,Manager,47481,4,42,34,77150.63
NSUT Delhi (NSIT),Ajmer,Executive,58053,1,53,29,86298.82
IIT Kanpur,Asansol,Manager,58071,4,76,30,74697.64
"Heritage Institute of Technology, Kolkata",Asansol,Executive,66845,1,60,29,58695.65
"MSIT, Delhi",Delhi,Manager,60396,3,72,46,96190.72
"Cummins College of Engineering for Women, Pune",Pune,Executive,67056,3,55,51,63582.13
"MAIT, Delhi",Chennai,Executive,63823,4,39,53,61586.14
NIT Sikkim,Surat,Executive,49475,3,71,19,75037.68
IIITM Gwalior,Delhi,Executive,50330,3,80,35,61282.09
"Heritage Institute of Technology, Kolkata",Rajpur Sonarpur,Executive,57858,4,43,48,71522.23
Manipal Main Campus,Kozhikode,Executive,61627,3,58,32,74596.33
Manipal Main Campus,Delhi,Manager,49733,1,76,42,77168.22
TIET/Thapar University,Kolkata,Executive,55308,2,36,40,75028.75
BIT Mesra,Surat,Executive,66048,4,80,44,76619.74
IIIT Lucknow,Ahmedabad,Manager,49405,1,63,48,75910.11
IIT ISM Dhanbad,Kolkata,Manager,49810,1,47,18,73056.77
"BMS College, Bangalore",Ajmer,Manager,56330,4,46,30,94478.7
NSUT Delhi (NSIT),Rourkela,Executive,56485,2,36,50,69960.25
MNNIT Allahabad,Asansol,Manager,47053,2,46,42,67407.05
IIT Indore,Delhi,Manager,64179,4,74,18,97119.39
IIEST/BESU Shibpur,Rourkela,Executive,60385,4,78,54,83984.48
"Cummins College of Engineering for Women, Pune",Asansol,Executive,50963,2,45,32,76385.23
Manipal Main Campus,Ahmedabad,Executive,50024,1,77,37,66216.7
BITS Pilani (Pilani Campus),Kolhapur,Executive,50334,2,36,47,82526.93
BITS Pilani (Hyderabad Campus),Kolkata,Executive,61054,3,68,20,74459.25
IIEST/BESU Shibpur,Bangalore,Executive,58629,3,39,32,62936.7
"IEM, Kolkata",Kozhikode,Executive,52519,2,45,19,59425.89
MNNIT Allahabad,Chennai,Executive,46993,3,50,27,69437.63
DTU,Delhi,Executive,67559,4,45,63,72083.49
IIIT Delhi,Hyderabad,Executive,55944,2,53,49,69163.36
"Techno India, Kolkata",Rourkela,Executive,38709,3,56,18,72747.12
NIT Sikkim,Chennai,Executive,61130,3,58,35,66726.94
NIT Patna,Asansol,Executive,54941,2,50,24,57067.63
BIT Mesra,Ahmedabad,Manager,58639,2,46,63,109108.12
"Heritage Institute of Technology, Kolkata",Bangalore,Executive,52098,2,84,38,73831.46
BITS Pilani (Hyderabad Campus),Asansol,Executive,53618,2,52,54,79031.2
BITS Pilani (Hyderabad Campus),Bangalore,Executive,57261,4,62,46,77631.46
Amity University,Chennai,Executive,53158,4,66,41,78524.15
NSUT Delhi (NSIT),Bangalore,Executive,53511,1,84,58,70856.24
SRM Main Campus,Kolkata,Executive,58408,2,56,18,61042.81
"MAIT, Delhi",Durgapur,Executive,46722,2,49,22,66407.61
NIT Durgapur,Pune,Executive,49331,1,78,44,71632.13
Jadavpur University,Delhi,Executive,53717,2,41,44,78002.78
IIIT Lucknow,Durgapur,Manager,70258,4,38,36,115126.75
VIT Vellore,Kozhikode,Executive,53186,3,62,26,58559.16
"Dayanand College of Engineering, Bangalore",Delhi,Executive,59273,1,80,30,62275.25
IIT Roorkee,Kolkata,Executive,59466,3,45,41,73749.44
SRM Main Campus,Kolkata,Executive,55639,1,40,29,55927.32
MNNIT Allahabad,Delhi,Executive,61138,3,68,61,67174.81
IIIT Lucknow,Bangalore,Executive,47831,4,74,36,70249.63
TIET/Thapar University,Pune,Executive,51919,4,82,25,69896.22
NIT Surathkal (Karnataka),Kolkata,Executive,49310,1,47,56,68123.8
IIT Roorkee,Bangalore,Executive,61973,1,51,18,56131.76
"Cummins College of Engineering for Women, Pune",Kolkata,Executive,52475,3,39,19,63426.48
NIT Patna,Rourkela,Executive,62262,3,43,39,68762.6
"Techno India, Kolkata",Kolkata,Executive,49159,3,57,45,65693.05
IIIT Hyderabad,Delhi,Executive,44451,1,65,51,59721.74
BITS Pilani (Goa Campus),Pune,Executive,64873,3,48,64,85224.19
IIT Ropar,Bangalore,Executive,55261,1,36,19,53356.72
NIT Bhopal,Rajpur Sonarpur,Executive,53405,1,46,48,67405.54
LNMIIT,Pune,Executive,48982,3,77,60,73639.06
SRM Main Campus,Ahmedabad,Manager,60286,1,73,27,91956.84
BITS Pilani (Hyderabad Campus),Hyderabad,Executive,44712,2,49,46,76451.55
"Heritage Institute of Technology, Kolkata",Surat,Executive,49882,2,57,28,64100.13
"USIT, Delhi",Bangalore,Executive,46791,3,59,59,78379.79
"KIIT, Bhubaneswar",Asansol,Manager,52585,3,78,35,77592.94
Jadavpur University,Kolkata,Executive,59130,1,79,63,70314.89
NIT Surathkal (Karnataka),Surat,Executive,63061,4,36,40,72339.71
BITS Pilani (Hyderabad Campus),Ahmedabad,Executive,55293,4,39,20,75774.95
Manipal Main Campus,Surat,Executive,54222,4,40,40,71232.98
NIT Raipur,Asansol,Executive,48720,3,66,24,61022.27
IIIT Allahabad,Asansol,Executive,49971,2,77,34,69437.41
IIT Roorkee,Hyderabad,Executive,58774,4,70,45,73028.67
IIT Delhi,Ahmedabad,Executive,59781,1,46,41,76811.45
SVNIT Surat,Bangalore,Executive,54690,3,71,53,65923.72
VIT Vellore,Hyderabad,Executive,43494,1,60,27,68676.93
DAIICT,Hyderabad,Executive,54356,1,69,26,67766.33
BIT Mesra,Delhi,Executive,44261,4,64,24,75535.5
Punjab Engineering College,Kozhikode,Executive,61570,3,74,34,75762.91
NIT Rourkela,Ahmedabad,Executive,59600,3,52,53,75588.76
VNIT Nagpur,Pune,Executive,52971,2,56,32,70086.07
"IEM, Kolkata",Durgapur,Manager,57963,2,60,19,96125.18
VNIT Nagpur,Surat,Manager,44781,2,75,42,80753.62
Punjab Engineering College,Rourkela,Executive,62903,4,82,55,71048.24
Amity University,Durgapur,Executive,58282,4,78,28,71454.9
NIT Jalandhar,Durgapur,Executive,66411,1,47,58,87222.87
SRM Main Campus,Rourkela,Executive,58109,4,44,41,75683.99
NIT Patna,Bangalore,Executive,51572,4,35,47,78834.2
IIT Madras,Durgapur,Executive,63031,1,48,42,72943.91
IIT Delhi,Hyderabad,Executive,54081,1,42,59,66774.11
NIT Sikkim,Ahmedabad,Executive,45676,4,81,19,58845.4
Manipal Main Campus,Delhi,Executive,52116,2,60,59,75689.83
NIT Silchar,Kolkata,Executive,46127,1,56,39,68623.41
IIT Roorkee,Rajpur Sonarpur,Manager,48343,3,78,40,68392.67
IIT Kharagpur,Durgapur,Executive,56666,3,47,18,53730.63
NIT Silchar,Bangalore,Executive,67170,4,55,31,69913.11
"Amrita University, Coimbatore",Durgapur,Manager,51096,3,70,19,80820.27
BITS Pilani (Goa Campus),Pune,Executive,64120,2,35,44,71001.53
IIT Kanpur,Durgapur,Manager,59001,2,81,23,89974.05
Manipal Main Campus,Kozhikode,Executive,45187,3,74,33,71161.34
MNNIT Allahabad,Bangalore,Executive,53027,4,69,55,106846.34
IIT Madras,Kolkata,Executive,55858,4,47,40,77673.29
"PES University, Bangalore",Kolkata,Manager,49074,3,58,63,84287.39
MNNIT Allahabad,Rajpur Sonarpur,Executive,54121,3,51,54,84320.29
IIIT Allahabad,Kozhikode,Executive,61285,3,44,60,77283.59
"Dayanand College of Engineering, Bangalore",Hyderabad,Executive,63140,1,44,24,68416.86
MNNIT Allahabad,Ajmer,Executive,44907,1,60,19,70186.19
IGDTUW,Ajmer,Executive,52054,2,67,29,73394.09
IIT Guwahati,Delhi,Manager,44353,3,75,18,70056.31
BITS Pilani (Goa Campus),Durgapur,Manager,54987,3,69,63,111873.3
IIT BHU (Varanasi),Ahmedabad,Manager,54808,2,51,54,101785.04
Manipal Main Campus,Kozhikode,Executive,58153,3,55,27,76298.9
NIT Kurukshetra,Bangalore,Manager,51912,2,66,50,113141.14
IIT ISM Dhanbad,Surat,Executive,51735,1,67,55,71890.09
NIT Tiruchipally (Trichy),Delhi,Manager,55928,4,75,56,108750.87
IIT Ropar,Surat,Executive,61132,1,72,38,68120.03
"PES University, Bangalore",Bangalore,Executive,47560,4,70,51,67760.38
"PES University, Bangalore",Pune,Manager,53080,3,68,19,97151.38
DTU,Ahmedabad,Executive,46136,1,73,58,81234.6
IIT Ropar,Delhi,Manager,54869,2,76,20,72296.79
"MAIT, Delhi",Ajmer,Manager,53471,3,58,52,82735.4
"BMS College, Bangalore",Asansol,Manager,66355,1,81,19,99815.96
NIT Jamshedpur,Durgapur,Executive,62836,4,41,53,72755.38
BITS Pilani (Pilani Campus),Bangalore,Manager,70468,2,38,46,111172.92
IIT Kanpur,Asansol,Manager,45743,4,45,40,80222.5
DTU,Pune,Executive,54083,3,83,59,70531.82
IIT Kanpur,Rajpur Sonarpur,Executive,50573,3,60,45,70207.24
IIT Kharagpur,Rajpur Sonarpur,Executive,46637,4,46,49,66843.75
Manipal Main Campus,Kozhikode,Executive,50393,4,55,18,60213.58
NIT Sikkim,Kozhikode,Manager,63916,1,70,50,105334.5
IIT BHU (Varanasi),Ajmer,Executive,62911,3,65,41,65659.69
"KIIT, Bhubaneswar",Kozhikode,Executive,56876,1,35,50,83092.16
"BMS College, Bangalore",Rajpur Sonarpur,Executive,54032,1,38,25,66571.17
NIT Warangal,Chennai,Executive,52888,4,76,47,78083.21
SVNIT Surat,Chennai,Executive,43457,1,74,19,62954.41
DTU,Asansol,Executive,51281,3,55,22,66298.7
"PES University, Bangalore",Rajpur Sonarpur,Executive,54806,2,57,59,82475.16
NIT Surathkal (Karnataka),Bangalore,Executive,49646,1,59,51,74374.6
IIT BHU (Varanasi),Ajmer,Manager,52883,1,55,40,78949.12
NSUT Delhi (NSIT),Hyderabad,Manager,68419,4,46,54,106418.32
"USIT, Delhi",Bangalore,Executive,50242,4,71,30,70060.23
IIT Madras,Kolhapur,Executive,57133,3,72,55,77111.81
VIT Vellore,Bangalore,Executive,52065,4,80,52,68439.79
"Dayanand College of Engineering, Bangalore",Ajmer,Executive,53490,2,72,46,68607.86
IIT Ropar,Asansol,Executive,68539,3,51,46,76839.09
"PES University, Bangalore",Rajpur Sonarpur,Executive,48471,1,52,63,70363.67
IIT Roorkee,Hyderabad,Manager,59759,4,67,59,104376.58
IGDTUW,Ahmedabad,Executive,48380,2,76,52,83078.61
VNIT Nagpur,Hyderabad,Executive,56990,3,85,28,72326.83
NSUT Delhi (NSIT),Hyderabad,Executive,51090,3,80,29,88238.24
"USIT, Delhi",Kozhikode,Manager,74198,1,57,25,99644.51
Jadavpur University,Pune,Executive,49883,2,83,22,60621.48
IIIT Jabalpur,Surat,Executive,54757,1,70,25,81168.14
"BMS College, Bangalore",Kolhapur,Executive,47031,1,77,18,69525.73
IIT Madras,Rourkela,Manager,50737,3,59,19,80080.39
"MSIT, Delhi",Kozhikode,Manager,51867,3,71,47,82688.35
NIT Sikkim,Kolhapur,Manager,55886,1,59,31,96427.67
Jadavpur University,Bangalore,Executive,58056,2,35,48,69477.19
R.V. College of Engineering,Pune,Executive,53101,4,70,36,74538.4
NIT Jamshedpur,Bangalore,Manager,48782,4,48,53,79584.68
IIT Guwahati,Ajmer,Executive,61585,1,43,56,74831.1
Manipal Main Campus,Rajpur Sonarpur,Executive,59979,4,75,28,58131.91
IIT BHU (Varanasi),Rajpur Sonarpur,Executive,63899,1,56,57,84743
"Techno India, Kolkata",Hyderabad,Executive,54798,1,54,29,75534.4
"MSIT, Delhi",Pune,Executive,54744,4,78,28,81481.56
NIT Calicut,Bangalore,Executive,58383,2,46,30,69300.19
IIT BHU (Varanasi),Surat,Executive,58709,4,85,58,90313.75
Jadavpur University,Ahmedabad,Executive,54126,2,43,41,73396.24
"Amrita University, Coimbatore",Pune,Executive,52976,4,50,50,70039.59
BITS Pilani (Hyderabad Campus),Pune,Executive,50339,2,60,19,70424.37
"Dayanand College of Engineering, Bangalore",Asansol,Manager,61609,2,74,43,91694.57
"KIIT, Bhubaneswar",Kozhikode,Executive,63395,1,66,49,74782.68
"Techno India, Kolkata",Asansol,Manager,61270,2,73,27,102262.82
IIT BHU (Varanasi),Asansol,Executive,61862,4,51,52,79093.55
IIT Guwahati,Kozhikode,Executive,60695,1,62,50,70326.56
SRM Main Campus,Rajpur Sonarpur,Executive,59922,3,42,54,86260
BIT Mesra,Kolkata,Executive,53748,2,74,44,63434.77
IIIT Delhi,Delhi,Executive,62196,2,69,32,66943.01
IIT Guwahati,Rajpur Sonarpur,Executive,52827,2,43,34,65127.58
NIT Sikkim,Pune,Executive,56003,1,68,26,79572.91
"PES University, Bangalore",Delhi,Manager,60107,3,40,34,108959.68
IIT Guwahati,Kozhikode,Executive,67292,3,46,57,75485.17
IIIT Jabalpur,Surat,Executive,49605,4,58,29,66564.34
IIIT Lucknow,Pune,Executive,63647,3,50,40,77855.11
IGDTUW,Bangalore,Executive,48581,4,69,27,58157.33
NIT Surathkal (Karnataka),Chennai,Manager,63334,1,71,45,94904.92
"KIIT, Bhubaneswar",Kolhapur,Manager,62264,2,52,64,114996.23
DAIICT,Kolhapur,Executive,61180,1,53,52,84453.82
IIT Guwahati,Hyderabad,Manager,63370,1,38,61,112185.3
IGDTUW,Rajpur Sonarpur,Manager,52121,4,64,52,85433.78
IIT Delhi,Durgapur,Executive,58782,4,81,61,71725.42
MNIT Jaipur,Kozhikode,Executive,52717,3,81,56,69686.43
"BMS College, Bangalore",Pune,Executive,65291,2,51,43,87624.82
"BMS College, Bangalore",Kozhikode,Executive,62820,3,62,64,75366.41
"IEM, Kolkata",Bangalore,Executive,55219,3,36,60,69293.67
Manipal Main Campus,Surat,Executive,50637,4,81,62,72653.54
IIT Ropar,Chennai,Manager,56777,3,72,50,101676.27
"USIT, Delhi",Hyderabad,Executive,48367,2,82,46,64602.94
IIT Ropar,Chennai,Executive,50440,4,49,24,84891.91
"Amrita University, Coimbatore",Kozhikode,Executive,56640,4,59,62,80912.22
BITS Pilani (Goa Campus),Kolhapur,Executive,52862,4,38,60,75668.6
NIT Durgapur,Bangalore,Executive,66238,4,37,63,87865.95
IGDTUW,Surat,Executive,63067,2,41,49,72570.68
BIT Mesra,Ahmedabad,Executive,50768,4,65,34,63243.71
"KIIT, Bhubaneswar",Asansol,Executive,62897,2,57,33,64127.09
Amity University,Rourkela,Executive,56970,3,43,46,81291.41
IIT Ropar,Asansol,Executive,50145,2,57,36,58437.39
IIIT Lucknow,Hyderabad,Executive,57744,3,71,19,68804.22
"Cummins College of Engineering for Women, Pune",Ajmer,Executive,50546,2,70,57,65555.15
"KIIT, Bhubaneswar",Asansol,Executive,49630,3,39,50,78953.09
IIIT Hyderabad,Pune,Executive,49201,1,75,30,71665.52
NIT Kurukshetra,Rourkela,Executive,59672,1,41,33,78716.54
IIT Madras,Kozhikode,Executive,65360,4,85,18,67305.64
SVNIT Surat,Bangalore,Executive,56630,4,78,46,91874.27
"BMS College, Bangalore",Bangalore,Executive,66225,2,52,46,68828.39
NIT Silchar,Bangalore,Executive,50905,1,51,47,71592.06
IGDTUW,Hyderabad,Executive,70139,3,57,23,69655.87
NIT Warangal,Bangalore,Executive,50225,3,78,18,55965.32
IIT Delhi,Rajpur Sonarpur,Executive,58491,1,82,48,77992
IIT Roorkee,Delhi,Executive,54429,3,73,35,67723.64
IIT Kanpur,Kolkata,Manager,48660,4,40,19,69552.9
NIT Warangal,Durgapur,Executive,54944,4,52,21,71319.69
IIT Madras,Ahmedabad,Executive,45569,1,45,21,61314.49
IIT Delhi,Asansol,Executive,54688,3,72,49,77659.8
NIT Patna,Rourkela,Executive,55031,3,38,56,79567.5
NIT Surathkal (Karnataka),Kolhapur,Executive,47800,3,51,42,64852.24
NIT Rourkela,Rajpur Sonarpur,Executive,53525,3,76,44,76874.67
"Cummins College of Engineering for Women, Pune",Chennai,Executive,58158,4,52,18,74609.27
DTU,Kozhikode,Executive,45831,4,50,61,67830.32
IIT Madras,Chennai,Executive,49068,3,38,57,76946.27
"MSIT, Delhi",Bangalore,Executive,59055,1,62,42,74170.88
IIT Kharagpur,Rourkela,Manager,56061,1,50,26,89914.73
NIT Jamshedpur,Hyderabad,Executive,54739,1,41,20,57101.04
BITS Pilani (Pilani Campus),Bangalore,Manager,48909,1,63,23,72988.31
"Dayanand College of Engineering, Bangalore",Rajpur Sonarpur,Manager,53938,1,61,39,75465.42
NIT Durgapur,Chennai,Manager,64117,4,77,24,98229.46
"Dayanand College of Engineering, Bangalore",Ahmedabad,Executive,53523,1,61,64,75104.22
DTU,Kolhapur,Executive,54533,1,68,62,94600.05
IIIT Jabalpur,Rajpur Sonarpur,Manager,41686,2,52,27,71243.97
DAIICT,Surat,Manager,52894,2,43,55,101285.3
BIT Mesra,Surat,Executive,54634,2,76,55,78275.87
IGDTUW,Ahmedabad,Executive,71502,4,49,35,74600.09
IIIT Allahabad,Kolhapur,Executive,49626,3,59,44,72344.51
BIT Mesra,Chennai,Executive,64324,4,74,19,71994.5
Jadavpur University,Pune,Executive,62778,1,51,58,77589.36
BITS Pilani (Hyderabad Campus),Kolhapur,Executive,52970,1,49,50,90017.28
NIT Warangal,Kolhapur,Executive,45893,4,75,26,65271.68
"KIIT, Bhubaneswar",Pune,Executive,50488,2,59,24,66640.89
NIT Surathkal (Karnataka),Ahmedabad,Executive,60137,4,65,48,89189.31
IIITM Gwalior,Rourkela,Executive,57816,4,66,19,59189.52
IIT Roorkee,Kozhikode,Executive,51943,1,62,48,69695.94
NIT Kurukshetra,Surat,Executive,59544,3,51,49,70404
IIT Roorkee,Chennai,Executive,61499,2,76,46,64944.99
DTU,Delhi,Executive,41294,1,39,46,71733.25
Amity University,Delhi,Executive,58538,1,75,43,76807.18
NIT Warangal,Ajmer,Executive,57406,2,61,21,84235.74
Amity University,Asansol,Executive,50528,1,68,64,74927.63
NIT Surathkal (Karnataka),Asansol,Executive,61700,4,36,18,66204.58
SRM Main Campus,Pune,Executive,47270,1,51,51,68331.12
IIIT Allahabad,Pune,Executive,69065,1,76,47,80932.58
NIT Rourkela,Ahmedabad,Executive,60257,4,39,64,82519.16
IIT Kanpur,Kolhapur,Executive,61079,1,79,49,77040.51
NSUT Delhi (NSIT),Chennai,Executive,42108,3,49,31,72612.42
"Cummins College of Engineering for Women, Pune",Kozhikode,Executive,63977,4,63,52,84692.16
NSUT Delhi (NSIT),Pune,Executive,45174,3,61,33,65377.42
"Cummins College of Engineering for Women, Pune",Kolhapur,Executive,52699,3,69,47,69660.75
"USIT, Delhi",Kozhikode,Executive,42512,2,80,38,69717.83
NIT Calicut,Surat,Executive,55176,3,75,32,57008.66
IIT Roorkee,Kolhapur,Executive,38605,1,38,19,69365.78
IIT Kanpur,Chennai,Manager,46677,1,39,44,77774.74
"Jaypee, Noida",Chennai,Manager,45778,1,71,26,79016.85
"IEM, Kolkata",Kolhapur,Executive,43939,2,39,25,74387.54
"MAIT, Delhi",Rourkela,Executive,56398,4,57,19,68191.78
"IEM, Kolkata",Kolhapur,Executive,55835,2,42,43,60230.16
Amity University,Chennai,Executive,63076,2,76,52,73796.54
Amity University,Kozhikode,Manager,42990,4,69,36,72310.2
IIIT Lucknow,Delhi,Executive,65196,4,57,64,81015.32
"Cummins College of Engineering for Women, Pune",Hyderabad,Manager,52971,3,38,63,81697.6
NIT Bhopal,Chennai,Manager,59430,4,54,64,104243.15
"Techno India, Kolkata",Surat,Manager,60711,1,65,61,101556.34
NIT Silchar,Asansol,Manager,55375,1,68,40,106794.93
IIT Madras,Chennai,Executive,52454,4,73,25,71600.02
DAIICT,Chennai,Executive,58185,3,83,48,81949.56
IIT Guwahati,Kolhapur,Executive,47925,1,36,45,73749.23
NIT Kurukshetra,Ajmer,Executive,47421,2,53,38,71375.68
Amity University,Surat,Executive,51533,3,61,18,72477.67
BITS Pilani (Goa Campus),Hyderabad,Executive,36990,2,43,21,65008.02
"Cummins College of Engineering for Women, Pune",Hyderabad,Executive,56116,1,67,27,84698.85
NIT Sikkim,Asansol,Executive,62878,2,47,19,97088.21
LNMIIT,Rourkela,Executive,42736,3,64,29,60591.81
Punjab Engineering College,Surat,Executive,55608,1,78,42,70832.23
Amity University,Chennai,Executive,59842,4,46,60,71889.51
Jadavpur University,Pune,Executive,56444,3,45,31,73635.67
VNIT Nagpur,Bangalore,Executive,53316,1,48,60,70999.92
BIT Mesra,Bangalore,Executive,53856,2,75,22,66756.42
NSUT Delhi (NSIT),Kolhapur,Executive,54873,2,58,35,72489.65
NIT Jalandhar,Ajmer,Executive,68315,3,79,52,81832.1
BITS Pilani (Goa Campus),Asansol,Executive,52544,1,42,26,73939.42
IIT ISM Dhanbad,Kolhapur,Executive,57189,3,47,31,66790.5
"Jaypee, Noida",Ahmedabad,Manager,57695,2,55,33,96600.42
"BMS College, Bangalore",Pune,Executive,68011,2,70,18,53020.32
IGDTUW,Kolkata,Executive,64691,2,44,59,80588.67
NIT Jamshedpur,Durgapur,Manager,53910,3,75,56,90228.63
"BMS College, Bangalore",Ajmer,Executive,60907,2,57,45,79263.09
IIIT Lucknow,Rourkela,Executive,54327,2,64,60,88561.51
IIIT Delhi,Surat,Executive,46538,1,53,56,62424.16
VIT Vellore,Chennai,Executive,52796,2,79,40,65442.63
"KIIT, Bhubaneswar",Kozhikode,Executive,64231,1,75,35,66671.19
NIT Raipur,Kolhapur,Executive,59444,3,59,39,76341.13
NIT Sikkim,Kozhikode,Executive,49831,3,63,30,73782.54
NIT Raipur,Ahmedabad,Executive,45913,3,75,24,69436.17
MNIT Jaipur,Bangalore,Executive,52310,4,47,20,56862.74
NIT Kurukshetra,Chennai,Executive,69868,4,55,32,79427.58
VIT Vellore,Durgapur,Executive,60939,1,74,59,91681.45
NIT Calicut,Kolkata,Executive,57469,3,45,55,77103.63
"Dayanand College of Engineering, Bangalore",Rajpur Sonarpur,Executive,52571,3,72,57,66313.95
Amity University,Kolhapur,Executive,67425,1,59,56,82675.11
IIT Ropar,Asansol,Executive,59817,1,78,40,67427.14
NIT Jamshedpur,Rourkela,Executive,65657,3,83,49,76090.01
NIT Durgapur,Chennai,Manager,50292,1,49,42,85106.53
IIT ISM Dhanbad,Rajpur Sonarpur,Executive,60081,2,41,62,75901.99
IIT Delhi,Chennai,Executive,52897,4,49,56,82030.46
"Amrita University, Coimbatore",Durgapur,Executive,52642,1,84,19,63601.24
IIEST/BESU Shibpur,Kozhikode,Manager,50843,3,45,30,67351.02
"MSIT, Delhi",Rourkela,Executive,56192,2,50,60,81955.26
IIEST/BESU Shibpur,Rourkela,Executive,58100,4,67,56,67700.67
NIT Bhopal,Ajmer,Executive,47928,3,83,28,92828.33
TIET/Thapar University,Hyderabad,Executive,50000,4,37,18,64431.37
IIT Guwahati,Durgapur,Executive,59968,3,85,27,55221.36
BITS Pilani (Goa Campus),Rajpur Sonarpur,Executive,57102,3,49,18,66958.6
IIIT Hyderabad,Rourkela,Executive,51617,3,47,19,71871.01
"BMS College, Bangalore",Pune,Executive,57304,2,85,47,93477.17
MNIT Jaipur,Asansol,Manager,53736,4,45,54,79771.46
R.V. College of Engineering,Kolkata,Manager,51073,2,45,61,86575.65
IIIT Hyderabad,Rourkela,Manager,50138,3,70,24,95813.53
"USIT, Delhi",Surat,Executive,63654,2,56,25,75793.14
Manipal Main Campus,Asansol,Executive,57408,1,83,21,56636.9
"MAIT, Delhi",Delhi,Executive,55569,4,69,23,65668.72
NIT Surathkal (Karnataka),Ahmedabad,Executive,63988,2,79,63,80614.98
BITS Pilani (Pilani Campus),Delhi,Executive,61721,2,45,49,70220.52
NIT Patna,Hyderabad,Executive,59669,2,81,18,53921.11
VIT Vellore,Kozhikode,Executive,65851,2,60,51,75572.88
"Techno India, Kolkata",Kolhapur,Executive,62411,4,42,48,77207.7
IIT BHU (Varanasi),Durgapur,Executive,55412,1,68,31,60710.06
LNMIIT,Rajpur Sonarpur,Executive,43715,1,78,54,75143.25
"MSIT, Delhi",Chennai,Executive,54231,1,62,19,76382.82
IIT Kharagpur,Delhi,Manager,64433,3,46,44,111735.76
IIT Kanpur,Durgapur,Executive,55232,1,80,53,65540.32
NIT Rourkela,Delhi,Executive,61583,3,52,19,67531.15
VIT Vellore,Rourkela,Executive,46532,2,83,61,75598.32
"Cummins College of Engineering for Women, Pune",Hyderabad,Executive,53540,1,67,18,69264
"Cummins College of Engineering for Women, Pune",Durgapur,Executive,64566,3,81,61,89477.54
IIIT Jabalpur,Delhi,Manager,48681,4,81,21,82925.12
IIT Delhi,Surat,Executive,56554,1,74,20,76083.3
"Amrita University, Coimbatore",Rajpur Sonarpur,Executive,51206,3,53,31,68596.74
NIT Calicut,Bangalore,Executive,52435,1,55,45,74170.13
"BMS College, Bangalore",Rajpur Sonarpur,Executive,50155,4,39,44,59306.19
Amity University,Bangalore,Executive,64187,4,39,62,67432.59
IIT Indore,Pune,Manager,59413,1,82,29,95450.98
IIT Guwahati,Ahmedabad,Executive,46707,3,47,43,72730.05
NIT Sikkim,Kolhapur,Manager,47277,3,59,51,83631.77
NIT Rourkela,Kozhikode,Manager,58500,2,35,19,96401.16
NIT Patna,Rajpur Sonarpur,Executive,57730,3,77,38,64151.37
DTU,Asansol,Executive,51923,2,62,37,78114.29
IIT Ropar,Delhi,Executive,51612,2,37,22,60924.86
IIIT Jabalpur,Rajpur Sonarpur,Executive,43980,3,77,21,71338.39
NIT Surathkal (Karnataka),Bangalore,Executive,45394,4,60,24,65139.49
IIT Ropar,Surat,Executive,55176,4,35,57,69100.46
R.V. College of Engineering,Delhi,Executive,56245,2,45,56,86927.86
DAIICT,Chennai,Executive,59043,2,49,27,69219.33
"IEM, Kolkata",Chennai,Executive,48766,4,37,51,73707.1
"USIT, Delhi",Chennai,Executive,58626,4,61,19,76788.27
IIEST/BESU Shibpur,Asansol,Manager,52001,2,49,39,85600.1
SVNIT Surat,Rourkela,Executive,59352,4,43,58,85744.04
BIT Mesra,Chennai,Executive,64052,3,52,20,91330.57
Jalpaiguri Government Engineering College,Kolkata,Executive,57344,4,38,45,68928.96
Manipal Main Campus,Kozhikode,Executive,54246,1,64,35,71387.98
NIT Warangal,Bangalore,Executive,51942,3,44,31,66988.1
"PES University, Bangalore",Kolhapur,Executive,56726,2,58,50,92894.44
SRM Main Campus,Surat,Executive,67851,3,37,32,67278.35
"Jaypee, Noida",Kolkata,Executive,62959,3,49,51,79975.83
VNIT Nagpur,Asansol,Executive,60621,1,56,38,61501.14
IIIT Delhi,Ahmedabad,Manager,53839,4,67,42,100719.01
MNNIT Allahabad,Delhi,Executive,59229,3,85,18,61871.8
NIT Rourkela,Ahmedabad,Executive,54598,4,42,19,74819.09
NIT Tiruchipally (Trichy),Delhi,Executive,51247,4,73,51,71395.15
IIEST/BESU Shibpur,Rajpur Sonarpur,Executive,69245,1,46,46,76576.5
BITS Pilani (Goa Campus),Kolhapur,Executive,45520,2,75,18,59940.2
SVNIT Surat,Ajmer,Manager,65606,1,35,57,101280.17
IIT Ropar,Durgapur,Executive,59206,2,63,62,73927.15
"KIIT, Bhubaneswar",Ajmer,Executive,50418,4,84,59,82172.24
BITS Pilani (Pilani Campus),Kolhapur,Executive,62251,2,56,37,80040.49
IIIT Hyderabad,Rourkela,Executive,67078,3,62,64,81452.04
IIT BHU (Varanasi),Chennai,Executive,56981,1,35,38,68630.86
"BMS College, Bangalore",Delhi,Executive,64976,2,68,33,79118.64
"Jaypee, Noida",Asansol,Executive,59392,2,80,46,77197.29
NIT Rourkela,Kolhapur,Executive,52617,1,75,46,70505.65
Jalpaiguri Government Engineering College,Hyderabad,Executive,51484,3,51,53,87095.67
NSUT Delhi (NSIT),Bangalore,Executive,62724,1,81,34,61484.31
"PES University, Bangalore",Surat,Executive,57844,2,42,20,65493.39
MNIT Jaipur,Durgapur,Executive,58479,1,62,63,74974.14
NSUT Delhi (NSIT),Kolkata,Manager,73856,1,75,54,121362.73
NIT Silchar,Ajmer,Executive,60126,1,44,54,66575.29
Jadavpur University,Kolhapur,Manager,49947,2,56,49,85975.9
Manipal Main Campus,Kolhapur,Executive,63402,1,44,28,67244.5
IIT Madras,Hyderabad,Executive,66956,4,59,54,69163.02
DTU,Durgapur,Executive,50975,2,65,25,63470.6
BIT Mesra,Durgapur,Manager,70528,2,46,43,103308.6
IIIT Allahabad,Rourkela,Executive,58773,3,39,63,78733.5
MNNIT Allahabad,Kolkata,Executive,52160,3,40,32,59944.47
IIITM Gwalior,Asansol,Executive,46289,4,85,62,80727.84
Amity University,Rajpur Sonarpur,Executive,60421,1,65,52,69957.72
NIT Silchar,Kolhapur,Executive,65688,1,48,25,86779.9
MNIT Jaipur,Surat,Executive,44223,1,73,28,60276.99
"PES University, Bangalore",Pune,Executive,57888,1,79,46,69644.59
"Jaypee, Noida",Ahmedabad,Executive,61457,2,37,34,62905.33
Punjab Engineering College,Pune,Manager,55713,1,53,35,91461.53
IIT Delhi,Asansol,Executive,56519,1,64,19,68107.12
IIT Kanpur,Rourkela,Executive,46264,3,52,46,59944.19
VIT Vellore,Chennai,Executive,61984,1,55,54,73132.19
NIT Bhopal,Chennai,Executive,53585,4,83,27,66902.35
"BMS College, Bangalore",Hyderabad,Executive,69993,2,66,50,77519.72
"Jaypee, Noida",Kolkata,Executive,55083,4,78,18,64807.83
"BMS College, Bangalore",Bangalore,Executive,54624,3,40,19,64539.46
NIT Rourkela,Bangalore,Executive,69272,1,52,38,74082.97
NSUT Delhi (NSIT),Durgapur,Executive,54790,3,37,41,74176.38
IIT ISM Dhanbad,Durgapur,Executive,55440,1,48,49,64550.69
NIT Jalandhar,Rajpur Sonarpur,Manager,64558,3,47,48,99734.64
NIT Raipur,Surat,Executive,50385,4,67,31,70422.32
IIT Guwahati,Hyderabad,Executive,61828,3,42,18,68584.06
IIT ISM Dhanbad,Surat,Executive,71543,4,82,30,61366.78
NIT Silchar,Kozhikode,Executive,60757,3,48,62,85245.01
TIET/Thapar University,Asansol,Executive,64225,4,43,57,80470.64
IIT Madras,Ajmer,Executive,55470,3,36,58,68557.78
IIT Kharagpur,Asansol,Executive,47049,4,65,22,57010.86
TIET/Thapar University,Chennai,Manager,59101,3,56,31,113843.16
NIT Bhopal,Kolkata,Executive,55453,3,67,52,71105.71
"IEM, Kolkata",Asansol,Executive,44848,3,41,25,65897.67
Manipal Main Campus,Ajmer,Executive,48183,4,35,59,73716.85
BITS Pilani (Hyderabad Campus),Durgapur,Executive,52782,1,56,19,62989.38
Punjab Engineering College,Kozhikode,Executive,69431,1,49,39,66323.22
IIT Ropar,Kozhikode,Executive,51589,4,41,32,78048.35
Amity University,Durgapur,Executive,48860,4,67,19,65236.18
IIIT Hyderabad,Bangalore,Executive,50087,1,82,33,59009.52
IIT Kharagpur,Hyderabad,Executive,49047,3,40,21,74563.83
NIT Tiruchipally (Trichy),Surat,Manager,56231,1,74,34,92698.56
TIET/Thapar University,Chennai,Executive,61046,4,60,61,77981.88
"BMS College, Bangalore",Kolkata,Executive,57851,1,79,38,61211.79
"BMS College, Bangalore",Kozhikode,Executive,57087,4,57,58,78324.59
VIT Vellore,Delhi,Executive,48844,2,78,47,70576.11
IIIT Delhi,Durgapur,Executive,51214,2,54,20,59565.94
"Amrita University, Coimbatore",Rourkela,Manager,49750,4,70,21,65081.36
"KIIT, Bhubaneswar",Rourkela,Executive,68145,3,84,41,64093.96
"Jaypee, Noida",Kolkata,Executive,55675,1,46,46,76864.52
BITS Pilani (Goa Campus),Bangalore,Executive,53388,2,61,42,70286.85
NIT Bhopal,Kolhapur,Executive,57584,4,44,34,73572.32
SVNIT Surat,Bangalore,Executive,56087,3,85,43,74611.23
NIT Durgapur,Kolkata,Executive,65165,1,79,52,100742.29
IIT ISM Dhanbad,Kolhapur,Executive,61095,1,54,18,53472.6
"IEM, Kolkata",Durgapur,Executive,55522,3,38,51,79954.36
IIT ISM Dhanbad,Ajmer,Executive,54823,2,64,56,78933.39
IIT BHU (Varanasi),Durgapur,Executive,62830,4,51,64,83153.13
"MAIT, Delhi",Kolhapur,Manager,54550,1,53,19,73581.57
SVNIT Surat,Durgapur,Executive,54662,3,74,51,70751.48
IIT Delhi,Kolkata,Executive,49239,4,45,27,63459.16
"BMS College, Bangalore",Ajmer,Manager,53652,2,68,59,82182.86
NIT Warangal,Hyderabad,Executive,50659,3,63,28,77372.88
IIIT Allahabad,Durgapur,Manager,59169,4,51,30,95875.83
IIT ISM Dhanbad,Hyderabad,Executive,56043,1,44,47,62426.39
BIT Mesra,Chennai,Executive,59528,2,35,38,65621.21
"Dayanand College of Engineering, Bangalore",Durgapur,Executive,54324,2,74,18,65404.57
Jadavpur University,Asansol,Executive,40574,2,66,34,62314.99
TIET/Thapar University,Kolhapur,Executive,60511,4,56,20,55486.61
Jadavpur University,Rajpur Sonarpur,Manager,61626,3,42,47,102099.91
IIT Ropar,Bangalore,Executive,56704,4,73,56,77326.3
"KIIT, Bhubaneswar",Ajmer,Manager,55507,3,68,49,81770.13
VIT Vellore,Delhi,Manager,63071,2,60,19,95369.35
DTU,Durgapur,Executive,60356,4,51,55,77809.72
"MSIT, Delhi",Chennai,Executive,55650,4,75,30,62505.95
"USIT, Delhi",Ajmer,Manager,55291,3,56,37,102592.89
BITS Pilani (Goa Campus),Delhi,Executive,50234,3,42,49,75835.34
IIT Kanpur,Pune,Manager,57309,2,44,18,108840.13
NIT Warangal,Durgapur,Executive,49801,1,40,59,78467.44
NIT Warangal,Ajmer,Executive,53160,1,46,29,62498.78
SVNIT Surat,Rourkela,Executive,51698,1,67,36,82885.09
BITS Pilani (Goa Campus),Durgapur,Executive,69671,3,36,33,67675.99
NIT Tiruchipally (Trichy),Ajmer,Executive,62309,4,61,58,87098.07
NIT Silchar,Asansol,Manager,62634,1,56,44,99438.63
IIT Delhi,Delhi,Executive,64138,4,35,53,72864.74
NIT Surathkal (Karnataka),Rourkela,Executive,51339,3,75,24,72905.05
MNIT Jaipur,Surat,Executive,56337,3,78,29,69201.42
"Heritage Institute of Technology, Kolkata",Delhi,Executive,47655,2,80,40,76955.42
NIT Surathkal (Karnataka),Bangalore,Executive,63372,3,43,51,82767.25
VIT Vellore,Rourkela,Executive,63512,3,43,64,85418.25
Manipal Main Campus,Asansol,Executive,47893,1,53,19,66799.89
SRM Main Campus,Rourkela,Executive,63895,1,80,35,83672.86
IIT Madras,Rourkela,Manager,52623,1,47,39,80856.11
VIT Vellore,Kolkata,Executive,58616,4,38,56,70153.22
NIT Rourkela,Pune,Executive,65363,3,79,33,73418.48
"MSIT, Delhi",Bangalore,Manager,53149,1,71,42,84130.43
BITS Pilani (Hyderabad Campus),Delhi,Executive,56350,4,37,61,83817.75
"Jaypee, Noida",Ajmer,Executive,57901,4,82,23,70462.3
"Techno India, Kolkata",Kolkata,Executive,56632,2,46,43,85006.88
"Cummins College of Engineering for Women, Pune",Kolkata,Executive,53453,1,39,48,73023.46
Jalpaiguri Government Engineering College,Pune,Executive,53821,2,63,39,74467.3
"Techno India, Kolkata",Bangalore,Executive,45986,4,55,40,73401.83
"Amrita University, Coimbatore",Delhi,Executive,54357,3,54,18,77579.31
NIT Silchar,Durgapur,Executive,61409,3,77,58,78989.16
BIT Mesra,Asansol,Executive,66330,4,44,49,68736.41
IIEST/BESU Shibpur,Asansol,Executive,64649,3,47,53,79999.26
BIT Mesra,Surat,Executive,52136,4,77,48,63749.73
"MSIT, Delhi",Delhi,Executive,60103,3,74,45,74810.66
IIIT Allahabad,Rajpur Sonarpur,Executive,62521,1,70,59,77733.27
IIEST/BESU Shibpur,Asansol,Manager,49103,1,80,52,81128.88
"KIIT, Bhubaneswar",Asansol,Executive,71328,1,65,26,77695.83
IIT Kharagpur,Rourkela,Executive,58953,4,46,27,64535
BITS Pilani (Goa Campus),Kolhapur,Executive,59927,2,51,48,87640.58
NIT Calicut,Kozhikode,Executive,49840,3,37,57,69511.75
"KIIT, Bhubaneswar",Asansol,Executive,67431,3,46,37,66775.8
"MSIT, Delhi",Rourkela,Executive,45910,3,44,57,82368.08
IIT Kanpur,Kolhapur,Executive,51683,3,55,32,62070.15
NIT Surathkal (Karnataka),Hyderabad,Executive,54298,4,44,18,69619.85
"Jaypee, Noida",Kozhikode,Manager,49209,3,59,64,78320.21
NIT Durgapur,Durgapur,Manager,62631,2,68,43,105727.87
IIT Guwahati,Kolkata,Executive,55394,1,61,49,79057.81
IIITM Gwalior,Kolkata,Manager,57876,2,39,40,99227.71
IIT Delhi,Delhi,Manager,60476,1,85,62,113212.07
"MSIT, Delhi",Hyderabad,Executive,53787,2,42,40,66886.63
NSUT Delhi (NSIT),Surat,Executive,59116,1,81,30,63752
Amity University,Rourkela,Executive,53671,2,65,29,68221.29
NIT Raipur,Bangalore,Executive,55289,2,75,36,60479.67
IIT Madras,Kozhikode,Executive,52987,1,52,41,68586.4
"Jaypee, Noida",Delhi,Manager,71473,4,84,44,92655.28
BITS Pilani (Goa Campus),Ajmer,Executive,45893,3,70,45,66715.6
NIT Bhopal,Delhi,Executive,63091,3,68,55,77143.39
IIT Kharagpur,Kolhapur,Manager,56830,1,84,60,108471.68
"KIIT, Bhubaneswar",Asansol,Executive,64221,1,55,56,91904.17
IIT Guwahati,Durgapur,Executive,50761,2,62,49,72795.44
"Amrita University, Coimbatore",Surat,Executive,44663,1,61,21,67584.07
SVNIT Surat,Durgapur,Executive,47451,1,44,19,64086.37
"MAIT, Delhi",Rourkela,Manager,60917,3,69,39,101886.28
R.V. College of Engineering,Kolhapur,Executive,47576,4,68,53,66654.11
IIIT Hyderabad,Chennai,Executive,40632,2,61,33,71017.54
IIT Madras,Kolhapur,Executive,53942,1,44,53,79333.46
"KIIT, Bhubaneswar",Ahmedabad,Executive,50105,4,74,42,76594.04
NIT Warangal,Rajpur Sonarpur,Executive,63562,3,41,40,79720.02
Amity University,Durgapur,Executive,49275,3,38,47,84809.17
SRM Main Campus,Durgapur,Manager,52857,2,49,27,87581.33
Jadavpur University,Delhi,Executive,52889,2,80,21,61991.12
Jadavpur University,Kolhapur,Executive,63893,3,73,47,79299.74
MNNIT Allahabad,Rajpur Sonarpur,Executive,58001,1,82,20,63021.18
NIT Patna,Pune,Executive,48539,2,59,24,62387.28
"USIT, Delhi",Ajmer,Executive,62261,4,39,27,59214.25
Jalpaiguri Government Engineering College,Ajmer,Executive,66242,2,81,26,62441.32
"PES University, Bangalore",Rajpur Sonarpur,Executive,61262,2,82,53,91266.27
IIT Madras,Durgapur,Manager,61930,1,76,41,96932.92
Amity University,Ahmedabad,Executive,58204,2,82,56,69392.13
"Heritage Institute of Technology, Kolkata",Kozhikode,Executive,66907,3,64,23,70599.91
IIITM Gwalior,Durgapur,Executive,60810,4,57,21,62927.79
DAIICT,Kozhikode,Executive,71549,4,47,50,83116.21
R.V. College of Engineering,Asansol,Executive,63687,3,65,53,79063.48
"PES University, Bangalore",Kolhapur,Executive,55575,2,76,34,66913.22
IIIT Allahabad,Rourkela,Executive,51340,3,53,47,62978.36
IIIT Jabalpur,Delhi,Executive,55989,1,61,33,73230
MNNIT Allahabad,Pune,Manager,61656,3,51,51,92299.77
"MSIT, Delhi",Kozhikode,Executive,53303,2,57,49,71335.91
Amity University,Chennai,Executive,52308,4,46,31,75515.45
TIET/Thapar University,Hyderabad,Executive,50961,2,74,36,67015.8
"KIIT, Bhubaneswar",Rajpur Sonarpur,Executive,64693,4,64,18,57202.89
TIET/Thapar University,Surat,Executive,53444,3,49,50,73486.99
NSUT Delhi (NSIT),Ahmedabad,Executive,50977,2,39,43,69543.95
NIT Warangal,Chennai,Executive,64679,3,84,20,71605.72
"KIIT, Bhubaneswar",Surat,Executive,46192,1,45,24,61873.12
IIT Delhi,Hyderabad,Executive,51157,1,74,60,86136.48
VIT Vellore,Kozhikode,Executive,50975,1,84,49,71254.94
Amity University,Delhi,Executive,44522,4,75,60,73051.32
IIIT Allahabad,Asansol,Executive,66466,4,82,51,67802.33
NIT Warangal,Delhi,Executive,57809,4,73,58,75308.28
"Techno India, Kolkata",Kolhapur,Executive,64865,3,37,51,68233.58
"IEM, Kolkata",Durgapur,Executive,64419,3,54,53,76205.05
BITS Pilani (Pilani Campus),Pune,Executive,61665,4,85,62,77770.17
Jadavpur University,Bangalore,Executive,58401,4,48,19,65546.96
NIT Warangal,Kolhapur,Executive,56452,3,58,50,79834.42
"Jaypee, Noida",Kozhikode,Manager,59079,4,83,30,89784.95
IGDTUW,Asansol,Executive,57178,1,49,41,62471.09
"Jaypee, Noida",Bangalore,Manager,43154,1,41,29,73960.7
TIET/Thapar University,Ahmedabad,Executive,66113,4,78,18,62118.85
NIT Surathkal (Karnataka),Ahmedabad,Executive,61367,4,53,41,68783.96
NIT Kurukshetra,Chennai,Manager,50269,3,59,35,74956.52
NIT Silchar,Durgapur,Executive,49579,3,68,53,75501.92
"Amrita University, Coimbatore",Rajpur Sonarpur,Executive,59535,1,74,24,66900.02
MNNIT Allahabad,Bangalore,Executive,50357,2,42,48,67920.6
Punjab Engineering College,Chennai,Executive,59413,1,66,59,84043.43
NIT Calicut,Chennai,Executive,62127,4,65,49,68574.13
"PES University, Bangalore",Rajpur Sonarpur,Manager,64762,1,63,37,89205.84
Manipal Main Campus,Surat,Executive,49361,3,82,26,77401.56
NIT Silchar,Rajpur Sonarpur,Manager,61256,2,65,23,107835.84
SRM Main Campus,Surat,Manager,63258,2,57,29,110711.65
MNNIT Allahabad,Kolkata,Executive,52271,3,77,45,76233.83
IIT Madras,Chennai,Manager,59081,3,62,27,65293.58
"Techno India, Kolkata",Kozhikode,Manager,63947,4,50,53,104204.57
"KIIT, Bhubaneswar",Rajpur Sonarpur,Executive,47765,3,64,31,67385.21
"BMS College, Bangalore",Durgapur,Executive,56001,3,46,50,65581.33
MNNIT Allahabad,Hyderabad,Executive,53097,4,75,50,59911.02
SRM Main Campus,Ahmedabad,Executive,55213,2,55,34,82878.09
IIITM Gwalior,Bangalore,Executive,46248,4,38,19,57703.78
"MSIT, Delhi",Kolhapur,Executive,64931,4,70,47,73093.09
NIT Raipur,Kozhikode,Executive,52432,2,57,28,64475.07
TIET/Thapar University,Rajpur Sonarpur,Manager,46681,1,64,37,69477.9
VIT Vellore,Pune,Executive,53992,3,72,21,63291.77
DTU,Kozhikode,Executive,61431,4,45,64,82384.89
IIT Guwahati,Rourkela,Executive,43343,4,80,58,70164.12
BITS Pilani (Pilani Campus),Kolkata,Executive,55168,3,82,24,78091.05
NIT Jamshedpur,Surat,Executive,57128,4,77,31,79414.18
MNNIT Allahabad,Delhi,Executive,49004,2,73,39,75738.92
Manipal Main Campus,Rajpur Sonarpur,Manager,55294,3,68,47,74594.62
IIIT Hyderabad,Rajpur Sonarpur,Executive,60466,2,84,30,64052.01
IIT Kanpur,Rajpur Sonarpur,Manager,68023,3,54,18,92851.94
MNIT Jaipur,Pune,Executive,56831,2,47,22,59150.62
IIT Kanpur,Durgapur,Executive,60909,3,67,23,68466.49
IIT Indore,Ahmedabad,Manager,54744,4,62,33,85461.75
LNMIIT,Rajpur Sonarpur,Executive,54660,3,43,27,75374.6
"BMS College, Bangalore",Bangalore,Executive,55085,1,59,45,69720.35
NIT Kurukshetra,Durgapur,Executive,54021,3,60,57,74557.88
"Heritage Institute of Technology, Kolkata",Chennai,Executive,57988,3,67,47,80463.2
NIT Raipur,Surat,Executive,53563,2,82,42,71950.15
IIT ISM Dhanbad,Hyderabad,Executive,65041,3,35,64,79054.09
NIT Silchar,Chennai,Executive,49106,4,64,38,63268.59
IIT BHU (Varanasi),Bangalore,Executive,60296,2,56,61,96256.6
R.V. College of Engineering,Durgapur,Executive,52516,2,55,53,68076.23
SRM Main Campus,Delhi,Executive,62913,4,55,44,81307.63
SRM Main Campus,Kolhapur,Manager,56259,2,37,19,76235.42
"IEM, Kolkata",Asansol,Executive,58635,2,76,41,64401.61
NIT Durgapur,Rajpur Sonarpur,Executive,58393,2,54,51,81726.8
"PES University, Bangalore",Rourkela,Executive,56343,3,58,40,75930.73
"KIIT, Bhubaneswar",Hyderabad,Executive,69103,3,61,45,81819.78
"Jaypee, Noida",Rourkela,Executive,56302,2,78,35,62792.65
"Techno India, Kolkata",Bangalore,Executive,58682,4,56,53,73479.74
LNMIIT,Kolhapur,Manager,44755,4,79,30,73291.9
IIT Ropar,Asansol,Executive,68087,2,48,18,66140.38
"USIT, Delhi",Kolhapur,Executive,61111,3,67,51,71038.65
NIT Silchar,Kolhapur,Manager,53210,1,40,50,92436.86
"MAIT, Delhi",Ahmedabad,Executive,56411,2,56,31,62441.06
IIIT Hyderabad,Pune,Executive,49618,3,79,35,73044.66
IIT Delhi,Asansol,Executive,59442,2,72,60,74787.18
NIT Jamshedpur,Kolkata,Executive,61362,2,51,21,62090.11
Jalpaiguri Government Engineering College,Surat,Executive,42655,2,70,29,71426.63
"IEM, Kolkata",Bangalore,Executive,51003,4,74,62,76961.06
"PES University, Bangalore",Asansol,Executive,62984,1,38,39,72415.05
LNMIIT,Kolkata,Executive,55600,4,58,19,73330.78
"Dayanand College of Engineering, Bangalore",Chennai,Executive,52226,2,61,22,64833.39
IIT Ropar,Pune,Manager,46979,1,66,53,75738.72
NIT Bhopal,Rajpur Sonarpur,Executive,59752,3,46,39,71427.16
IIT Kharagpur,Bangalore,Manager,49839,1,81,27,78089.72
BITS Pilani (Hyderabad Campus),Pune,Executive,68797,2,79,30,71340.34
NIT Kurukshetra,Kolhapur,Executive,50705,3,52,30,62955.46
"PES University, Bangalore",Durgapur,Executive,55987,4,50,58,69343.89
R.V. College of Engineering,Pune,Manager,51256,4,75,33,73503.98
NIT Silchar,Hyderabad,Executive,51639,1,69,42,60460.07
NIT Raipur,Delhi,Executive,59523,2,55,64,73467.46
NIT Kurukshetra,Delhi,Executive,46380,1,62,21,70752.08
IIT ISM Dhanbad,Asansol,Manager,71123,4,57,18,100497.31
SVNIT Surat,Rajpur Sonarpur,Executive,48611,4,61,23,70232.9
IIIT Hyderabad,Ajmer,Executive,57328,4,65,45,60284.58
"MSIT, Delhi",Kolhapur,Executive,63521,4,82,40,82780.39
VIT Vellore,Kolhapur,Executive,57604,3,82,19,65275.62
SRM Main Campus,Bangalore,Executive,59305,4,78,18,74275.1
BITS Pilani (Pilani Campus),Ajmer,Executive,47312,4,75,25,71026.4
IIIT Jabalpur,Kolkata,Executive,54513,3,82,46,80991.21
"MSIT, Delhi",Surat,Executive,63523,3,45,33,58048.12
SVNIT Surat,Ajmer,Executive,48852,1,76,54,68903.48
"Jaypee, Noida",Ahmedabad,Executive,44096,3,60,28,79412.82
"Cummins College of Engineering for Women, Pune",Pune,Executive,58892,2,79,36,65165.86
TIET/Thapar University,Durgapur,Executive,54118,2,50,20,56178.11
BITS Pilani (Goa Campus),Kolhapur,Executive,44960,4,42,24,61624.9
TIET/Thapar University,Durgapur,Executive,58422,2,54,23,75585.98
NIT Surathkal (Karnataka),Rajpur Sonarpur,Manager,49329,4,46,47,85420.69
Punjab Engineering College,Rajpur Sonarpur,Manager,59455,4,43,33,112797.03
IIT Guwahati,Pune,Executive,62637,2,65,45,69816.63
"Dayanand College of Engineering, Bangalore",Kolhapur,Executive,45637,4,37,26,70626.09
BITS Pilani (Goa Campus),Kolhapur,Executive,59481,4,77,18,64189.89
VIT Vellore,Rourkela,Executive,57100,2,54,44,65875.31
NIT Raipur,Kolkata,Executive,49702,2,85,60,76284.19
"Dayanand College of Engineering, Bangalore",Hyderabad,Executive,54415,3,75,64,73791.08
NIT Surathkal (Karnataka),Kolhapur,Manager,52110,1,67,56,98530.39
IIT Delhi,Kolhapur,Manager,49570,4,72,36,83977.24
NIT Kurukshetra,Hyderabad,Manager,60301,3,66,41,100861.51
"BMS College, Bangalore",Surat,Executive,43612,3,48,39,71010.86
DTU,Surat,Executive,59933,3,77,63,80641.2
BITS Pilani (Pilani Campus),Bangalore,Executive,53563,3,69,36,55882.26
Manipal Main Campus,Chennai,Executive,50705,3,74,28,55436.85
IIT Guwahati,Ajmer,Executive,56493,1,73,58,74613.3
IIT Roorkee,Ajmer,Executive,61040,3,54,36,78423.94
BITS Pilani (Goa Campus),Bangalore,Executive,58049,2,51,42,65084.43
IIT Delhi,Ahmedabad,Executive,54506,2,65,36,68699.58
IIIT Delhi,Chennai,Executive,55502,1,47,56,81558.03
"BMS College, Bangalore",Kolhapur,Executive,43496,1,57,35,59786.34
"Heritage Institute of Technology, Kolkata",Durgapur,Executive,55109,2,68,59,62624.16
IIT ISM Dhanbad,Kolhapur,Executive,52417,3,73,21,72336.45
"Amrita University, Coimbatore",Rajpur Sonarpur,Executive,48990,4,83,59,79310.37
IIT ISM Dhanbad,Ahmedabad,Manager,62458,2,66,23,84342.95
"MAIT, Delhi",Kozhikode,Manager,50520,1,80,57,77117.5
NIT Bhopal,Surat,Executive,59420,2,46,53,76789.76
TIET/Thapar University,Durgapur,Manager,62279,1,84,60,105013.72
NIT Silchar,Durgapur,Executive,63285,2,62,51,86109.93
NIT Warangal,Kolkata,Executive,71756,4,67,23,72141.43
"IEM, Kolkata",Ajmer,Executive,44682,4,44,27,62625.75
"Cummins College of Engineering for Women, Pune",Surat,Executive,57576,2,43,55,79029.75
VIT Vellore,Rourkela,Manager,58364,2,74,37,94112.48
"PES University, Bangalore",Kolkata,Executive,58625,1,63,61,85704.69
IIT BHU (Varanasi),Durgapur,Manager,60754,2,65,46,110450.43
IIT BHU (Varanasi),Durgapur,Executive,52462,3,57,53,74631.46
"Jaypee, Noida",Ahmedabad,Manager,52402,3,65,49,74672.78
NIT Warangal,Ajmer,Executive,53334,1,77,20,72656.08
Manipal Main Campus,Kolkata,Manager,62455,4,60,48,102188.48
"USIT, Delhi",Rourkela,Manager,52388,2,40,25,81777.6
"MAIT, Delhi",Durgapur,Executive,52322,1,49,25,76563.41
"Jaypee, Noida",Pune,Executive,52235,3,36,57,87812.2
BITS Pilani (Goa Campus),Delhi,Manager,75785,4,63,37,110338.25
"Jaypee, Noida",Delhi,Executive,49974,2,77,38,60572.12
"Techno India, Kolkata",Ahmedabad,Executive,56950,4,44,55,64365.88
IIT Guwahati,Bangalore,Executive,45321,1,65,36,64269.18
IIIT Lucknow,Surat,Executive,47794,2,50,51,70541.87
NIT Silchar,Rourkela,Executive,53920,2,60,40,73208.38
NIT Jamshedpur,Bangalore,Executive,62728,4,71,18,65436.75
NIT Sikkim,Kozhikode,Executive,65633,3,56,57,73353.22
NIT Surathkal (Karnataka),Ahmedabad,Executive,47254,4,83,61,83867.16
"MAIT, Delhi",Chennai,Executive,44699,3,75,25,57799.66
Amity University,Durgapur,Executive,59813,1,79,50,82305.51
IIT Guwahati,Surat,Executive,54051,2,40,26,65478.95
Jadavpur University,Surat,Executive,47027,3,71,42,74077.19
"MSIT, Delhi",Delhi,Executive,50329,4,64,43,70299.7
"IEM, Kolkata",Hyderabad,Executive,42581,4,62,44,75358.79
NIT Tiruchipally (Trichy),Rourkela,Executive,55895,4,40,23,61970.76
Jalpaiguri Government Engineering College,Hyderabad,Executive,49123,4,53,49,93648.47
NIT Warangal,Rourkela,Executive,62570,3,61,33,76271.87
NIT Surathkal (Karnataka),Asansol,Executive,58546,4,56,41,79412.09
IIT Roorkee,Chennai,Executive,56740,1,49,37,76894.94
R.V. College of Engineering,Bangalore,Executive,54979,4,72,22,65489.23
BITS Pilani (Hyderabad Campus),Chennai,Executive,47472,2,77,23,60817.97
IIT Kanpur,Ajmer,Executive,44468,2,85,21,69857.81
Amity University,Chennai,Manager,64930,1,66,51,114939.65
DAIICT,Kolhapur,Executive,54374,3,46,25,70244.25
IIT Ropar,Pune,Manager,56541,2,55,32,83707.39
"BMS College, Bangalore",Surat,Manager,57679,4,70,57,87477.23
IIT Roorkee,Delhi,Executive,54712,1,49,36,64010.16
R.V. College of Engineering,Chennai,Executive,63180,2,63,22,82469.16
Jalpaiguri Government Engineering College,Rourkela,Executive,60270,4,69,57,70126.63
IIT BHU (Varanasi),Kozhikode,Manager,47495,4,38,64,80020.81
Manipal Main Campus,Delhi,Executive,55139,3,45,36,72854.07
"MAIT, Delhi",Kozhikode,Executive,51735,3,61,54,66678.16
NIT Tiruchipally (Trichy),Kozhikode,Manager,61650,3,51,47,106083.08
IIIT Delhi,Kolhapur,Executive,58586,3,39,62,75871.39
IIT Madras,Kolhapur,Executive,66002,1,83,61,74820.02
BITS Pilani (Hyderabad Campus),Asansol,Manager,47266,1,61,43,84114.74
NIT Jamshedpur,Bangalore,Executive,47405,2,55,19,68346.92
"MAIT, Delhi",Kozhikode,Executive,64420,3,65,18,58213.89
Jadavpur University,Kozhikode,Executive,43863,2,72,19,61926.91
IIT Indore,Rourkela,Executive,43788,4,85,49,67487.61
NIT Warangal,Rourkela,Manager,63425,4,38,60,101535.38
"Techno India, Kolkata",Kolhapur,Executive,54728,3,37,26,63450.6
IIIT Allahabad,Ahmedabad,Executive,57972,3,41,49,72940.89
"Techno India, Kolkata",Durgapur,Executive,63978,3,46,60,82356.56
"Jaypee, Noida",Ahmedabad,Executive,57607,4,65,26,67500.35
Manipal Main Campus,Rourkela,Executive,60357,3,36,27,72642.89
IIT Ropar,Rajpur Sonarpur,Executive,57009,3,51,44,70973.39
"Dayanand College of Engineering, Bangalore",Kolkata,Executive,65649,3,42,63,84786.24
NIT Jalandhar,Rajpur Sonarpur,Manager,47419,2,50,32,77614.88
"USIT, Delhi",Kolkata,Executive,55922,2,77,22,71337.37
MNIT Jaipur,Hyderabad,Manager,61427,2,41,18,87870.75
NIT Warangal,Kozhikode,Executive,55640,3,42,59,70233.93
BITS Pilani (Pilani Campus),Ajmer,Executive,55241,4,79,44,76125.83
IIT Ropar,Ajmer,Executive,48676,1,58,33,61726.27
NIT Tiruchipally (Trichy),Kozhikode,Executive,58164,4,53,24,64801.96
IIIT Allahabad,Delhi,Manager,56740,4,77,43,78680.21
DTU,Kozhikode,Manager,45505,3,57,45,99918.3
IIT Delhi,Rajpur Sonarpur,Executive,48360,3,41,61,74265.4
NIT Raipur,Durgapur,Executive,55929,1,80,35,59047.34
"MAIT, Delhi",Delhi,Executive,53493,4,53,62,80458.58
"Jaypee, Noida",Delhi,Executive,61004,1,35,62,80531.42
IIIT Hyderabad,Bangalore,Executive,56939,3,75,38,75515.74
VIT Vellore,Rourkela,Executive,57954,1,71,34,68438.25
NIT Kurukshetra,Surat,Executive,49897,4,51,43,70647.33
IIIT Allahabad,Durgapur,Executive,58645,3,41,50,98335.39
NSUT Delhi (NSIT),Delhi,Executive,50229,2,41,19,67718.5
IIT Madras,Ahmedabad,Executive,45588,2,81,57,66422.09
"USIT, Delhi",Kolhapur,Executive,66693,1,76,62,66501.14
Manipal Main Campus,Durgapur,Executive,62665,4,37,41,78535.73
IIT ISM Dhanbad,Ajmer,Executive,69083,2,83,26,76813.5
TIET/Thapar University,Kolkata,Executive,54377,3,62,39,68986.8
IIIT Hyderabad,Kolkata,Executive,55776,3,82,46,81036.78
NIT Calicut,Rourkela,Executive,64803,4,41,45,77615.87
"IEM, Kolkata",Surat,Executive,63553,2,44,32,74583.85
NSUT Delhi (NSIT),Kozhikode,Executive,50259,3,51,59,64959.88
IIT Madras,Kozhikode,Executive,54908,4,73,44,94707.74
MNNIT Allahabad,Delhi,Executive,45698,1,78,39,67433
NIT Sikkim,Delhi,Executive,49782,4,52,18,68119.11
VIT Vellore,Kolkata,Executive,57965,2,55,53,63691.22
IIIT Jabalpur,Rourkela,Executive,47177,4,82,18,59812.41
Manipal Main Campus,Chennai,Executive,72319,1,51,50,63538.43
"MSIT, Delhi",Chennai,Executive,67969,2,40,18,77435.2
NIT Surathkal (Karnataka),Hyderabad,Executive,45487,3,37,19,68015.59
NIT Kurukshetra,Durgapur,Executive,64010,1,46,62,78249.35
IIT Delhi,Ahmedabad,Executive,59227,2,47,56,76488.51
BITS Pilani (Pilani Campus),Ajmer,Executive,56738,3,49,42,68689.9
"Cummins College of Engineering for Women, Pune",Bangalore,Manager,62898,3,60,37,112310.5
IIT Madras,Kolkata,Executive,59175,2,82,42,71663.53
IIT Ropar,Hyderabad,Manager,57608,2,49,25,78713.91
IIT Delhi,Rourkela,Executive,42804,2,37,57,74893.91
"Amrita University, Coimbatore",Rourkela,Manager,65482,3,39,51,106633.64
VIT Vellore,Chennai,Executive,57042,4,42,30,60644.12
IIIT Allahabad,Kolkata,Manager,56350,2,74,44,104154.81
NIT Jamshedpur,Durgapur,Manager,50451,1,56,34,74128.76
NIT Calicut,Chennai,Executive,62759,3,37,31,69951.41
BITS Pilani (Hyderabad Campus),Kolhapur,Manager,59683,1,81,54,97523.1
"MSIT, Delhi",Rourkela,Executive,47381,1,48,24,73987.04
IIT Delhi,Kozhikode,Manager,63504,4,84,43,105528.87
NIT Kurukshetra,Bangalore,Executive,57127,4,61,48,99276.61
"KIIT, Bhubaneswar",Pune,Executive,64290,1,66,19,60547.58
IIIT Hyderabad,Delhi,Executive,54212,4,38,29,68571.4
MNIT Jaipur,Ajmer,Executive,59576,1,62,63,69043.09
"BMS College, Bangalore",Hyderabad,Executive,48175,3,49,46,77795.84
Jadavpur University,Kozhikode,Executive,63797,2,37,52,86647.26
Manipal Main Campus,Delhi,Executive,48682,1,85,35,63554.03
NIT Jalandhar,Durgapur,Manager,46558,3,80,51,80430.97
"KIIT, Bhubaneswar",Rourkela,Executive,48690,2,72,44,72842.01
IIT Kharagpur,Kolhapur,Executive,54340,2,53,21,65228.8
Amity University,Rourkela,Executive,63711,1,73,39,65032.62
NIT Durgapur,Bangalore,Executive,49427,3,40,50,67402.38
SVNIT Surat,Kolhapur,Executive,44122,4,85,34,69206.59
"Amrita University, Coimbatore",Ahmedabad,Executive,45932,1,84,22,55399.38
"Dayanand College of Engineering, Bangalore",Ahmedabad,Executive,69670,2,62,19,64748.93
IIT ISM Dhanbad,Bangalore,Executive,65207,4,61,26,67929.18
"IEM, Kolkata",Chennai,Manager,45354,3,72,29,74793.11
IIT Madras,Pune,Executive,67339,1,37,48,69262.14
IIT Madras,Kozhikode,Executive,54440,1,53,26,61913.04
Jadavpur University,Rajpur Sonarpur,Executive,63423,2,54,45,70907.55
IIIT Lucknow,Bangalore,Executive,55621,1,57,36,63331
IIIT Lucknow,Rourkela,Executive,46432,3,61,54,102860.45
NIT Sikkim,Durgapur,Executive,49513,1,84,34,69525.33
"PES University, Bangalore",Rourkela,Manager,52918,4,61,31,82323.34
IIIT Hyderabad,Rajpur Sonarpur,Executive,51609,4,72,27,69498.18
NIT Jamshedpur,Kozhikode,Executive,58698,1,42,20,75139.44
VIT Vellore,Rajpur Sonarpur,Executive,49215,1,35,44,66596.56
Jalpaiguri Government Engineering College,Rajpur Sonarpur,Executive,50665,3,42,43,66304.02
VIT Vellore,Surat,Executive,49942,2,57,45,92925.38
"Amrita University, Coimbatore",Rourkela,Executive,59353,1,75,34,69939.63
"PES University, Bangalore",Chennai,Manager,42342,2,37,24,70469.63
NIT Tiruchipally (Trichy),Rajpur Sonarpur,Executive,43714,4,79,26,59175.73
"Techno India, Kolkata",Rourkela,Executive,55163,4,67,38,79945.54
"Jaypee, Noida",Durgapur,Executive,52938,2,55,50,76461.93
"Dayanand College of Engineering, Bangalore",Kolkata,Executive,55938,3,63,38,74774.9
NIT Surathkal (Karnataka),Kozhikode,Manager,40365,3,54,27,68402.56
BITS Pilani (Hyderabad Campus),Pune,Executive,51564,4,37,39,68158.59
"MAIT, Delhi",Bangalore,Executive,58789,3,73,39,78067.29
IIT Kanpur,Asansol,Executive,58063,2,63,63,77986.3
SRM Main Campus,Rourkela,Executive,56799,2,56,33,62165.11
IIT Madras,Surat,Executive,53629,4,68,36,69648.9
NIT Tiruchipally (Trichy),Rajpur Sonarpur,Manager,45294,4,45,30,70944.17
"Amrita University, Coimbatore",Chennai,Manager,58036,2,83,24,92011.57
LNMIIT,Hyderabad,Executive,54669,2,39,24,66673.19
NIT Silchar,Chennai,Executive,50452,3,42,48,91483.53
SRM Main Campus,Surat,Executive,45684,3,46,47,78841.27
MNNIT Allahabad,Ahmedabad,Executive,53872,4,56,29,70996.88
BITS Pilani (Hyderabad Campus),Durgapur,Executive,53529,1,79,28,77430.4
IIT BHU (Varanasi),Chennai,Manager,57125,2,81,47,89234.87
IIT Ropar,Kozhikode,Executive,45486,1,48,25,81681.11
NIT Bhopal,Kolhapur,Executive,53134,2,68,51,80317.29
NIT Warangal,Surat,Executive,49260,4,78,48,76586.37
MNIT Jaipur,Surat,Manager,49044,2,61,43,80955.45
VNIT Nagpur,Delhi,Executive,60235,4,46,61,91425.96
IIT Kanpur,Chennai,Executive,60813,3,65,48,67755.37
BITS Pilani (Pilani Campus),Ajmer,Executive,54218,4,42,38,74513.3
"Techno India, Kolkata",Ahmedabad,Executive,50083,4,72,59,65942.45
"BMS College, Bangalore",Surat,Executive,44912,2,67,19,64200.5
IIT Kanpur,Asansol,Executive,57851,1,83,26,60930.67
MNIT Jaipur,Ajmer,Executive,57569,2,42,54,68285.69
Jadavpur University,Rajpur Sonarpur,Executive,58670,1,43,21,76976.49
"IEM, Kolkata",Asansol,Executive,60290,1,53,51,81962.82
"IEM, Kolkata",Kolhapur,Manager,54753,1,61,22,91972.51
NIT Durgapur,Durgapur,Manager,65622,1,39,47,101451.11
IIIT Allahabad,Kozhikode,Executive,46183,2,52,18,67435.46
IIT Kharagpur,Bangalore,Executive,72661,3,74,47,70238.7
MNNIT Allahabad,Durgapur,Executive,58601,1,75,21,66538.09
Manipal Main Campus,Chennai,Manager,53160,1,48,19,73791.03
"Cummins College of Engineering for Women, Pune",Ahmedabad,Executive,44074,1,67,23,85688.22
Manipal Main Campus,Durgapur,Executive,57795,1,43,54,83521.22
NIT Bhopal,Rourkela,Executive,42750,2,76,37,71368.6
"Cummins College of Engineering for Women, Pune",Surat,Manager,52091,2,53,46,72988.21
NIT Durgapur,Hyderabad,Manager,56729,4,81,55,92360.49
NIT Patna,Asansol,Executive,49998,2,35,30,60154.54
NIT Surathkal (Karnataka),Delhi,Manager,45634,3,71,18,77400.43
NIT Silchar,Delhi,Executive,59128,1,56,61,85083.58
NIT Silchar,Kolhapur,Executive,47026,4,71,54,71084.32
Jadavpur University,Rajpur Sonarpur,Manager,60268,3,78,22,86904.45
NIT Raipur,Rajpur Sonarpur,Manager,57970,4,44,45,100715.13
IIT Roorkee,Chennai,Executive,55204,3,83,22,70290.1
Jalpaiguri Government Engineering College,Rajpur Sonarpur,Executive,48698,1,51,19,78933.47
NIT Warangal,Durgapur,Manager,48779,1,79,35,69632.11
IIT Indore,Surat,Executive,51224,2,84,18,62549.33
IIIT Jabalpur,Kozhikode,Manager,58035,1,64,20,86581.05
Jadavpur University,Asansol,Executive,46857,2,39,28,59126.22
"KIIT, Bhubaneswar",Chennai,Executive,57928,3,58,55,70711.33
NIT Warangal,Rajpur Sonarpur,Manager,48975,4,56,43,77684.11
"Cummins College of Engineering for Women, Pune",Kozhikode,Executive,46945,4,53,43,63095.42
IIT BHU (Varanasi),Kolhapur,Manager,73214,4,57,22,100119.53
IIT Kharagpur,Durgapur,Executive,48934,3,73,25,58063.01
DTU,Bangalore,Manager,59776,1,48,49,103831.72
IIT Madras,Rourkela,Executive,65198,4,55,44,60870.9
"IEM, Kolkata",Kozhikode,Executive,55202,1,56,64,74959.86
NIT Kurukshetra,Rourkela,Executive,54972,1,85,49,78075.42
IIIT Allahabad,Pune,Manager,56927,2,79,47,93102.25
MNNIT Allahabad,Ajmer,Executive,46207,3,71,27,60878.73
NIT Bhopal,Kolhapur,Executive,54594,2,50,55,72363.85
VIT Vellore,Chennai,Executive,55117,2,59,48,72943.17
NIT Rourkela,Chennai,Executive,53985,2,45,45,69523.02
NIT Rourkela,Rajpur Sonarpur,Executive,61926,2,46,24,63313.76
NIT Jalandhar,Delhi,Executive,56184,4,58,32,66697.47
"MAIT, Delhi",Kolhapur,Executive,56101,3,62,24,59041.08
IIT BHU (Varanasi),Ahmedabad,Executive,52401,3,48,57,73990.76
DTU,Asansol,Manager,61410,4,83,59,102928.71
IIIT Jabalpur,Asansol,Executive,48638,1,54,36,68374.75
NIT Durgapur,Ajmer,Executive,47527,2,77,29,58336.54
IIIT Jabalpur,Chennai,Executive,45405,1,78,42,73800.36
IIT Roorkee,Asansol,Executive,62532,4,70,48,65021.82
"Heritage Institute of Technology, Kolkata",Asansol,Executive,71760,4,40,39,71187.52
IIIT Delhi,Asansol,Executive,46342,3,42,63,78936.19
IIT Ropar,Rourkela,Executive,53031,4,68,54,64318.12
NIT Warangal,Ajmer,Manager,61439,2,56,37,101788.38
IIIT Hyderabad,Ahmedabad,Executive,55130,4,54,63,76329.43
BITS Pilani (Hyderabad Campus),Kolkata,Executive,60214,3,59,21,62418.98
NIT Jalandhar,Rajpur Sonarpur,Executive,52854,4,52,54,76868.81
"IEM, Kolkata",Ajmer,Executive,38765,4,72,60,80489.55
Jadavpur University,Asansol,Executive,56405,4,71,32,60035.1
Punjab Engineering College,Kolhapur,Executive,58805,1,36,47,74280.3
MNNIT Allahabad,Kolkata,Executive,52168,2,40,21,70571.96
IIIT Jabalpur,Ahmedabad,Manager,59767,2,37,28,98977.14
IIT Kharagpur,Ajmer,Executive,54644,2,40,63,74059.06
NIT Sikkim,Rajpur Sonarpur,Executive,49891,4,75,18,66862.46
NIT Patna,Rajpur Sonarpur,Executive,49405,2,76,32,62673.14
NIT Patna,Ajmer,Executive,46596,1,49,38,61931.25
IIT Kharagpur,Kolhapur,Executive,55954,1,67,32,75850.13
R.V. College of Engineering,Ajmer,Executive,53647,4,64,62,74474.82
IIIT Hyderabad,Bangalore,Manager,42415,3,65,39,77673.62
"Techno India, Kolkata",Kolhapur,Executive,50550,3,78,55,79909.33
NIT Kurukshetra,Durgapur,Executive,51700,1,37,57,81569.98
"USIT, Delhi",Chennai,Executive,76815,4,75,52,82684.17
NIT Jalandhar,Surat,Executive,42916,2,66,56,77490.53
BITS Pilani (Goa Campus),Bangalore,Manager,60526,2,51,47,89985.17
IIT ISM Dhanbad,Durgapur,Executive,50140,2,42,55,77386.51
IIT BHU (Varanasi),Chennai,Executive,53962,1,58,23,79568.27
"MAIT, Delhi",Pune,Manager,60155,1,64,22,90213.45
LNMIIT,Pune,Executive,55621,2,51,50,71706.6
SVNIT Surat,Asansol,Executive,52670,3,76,18,65619.7
MNIT Jaipur,Kolkata,Manager,61692,4,53,51,110792.78
IIT Ropar,Bangalore,Executive,55209,1,84,22,62356.93
NIT Jamshedpur,Asansol,Executive,57955,2,55,52,76674.92
IIIT Jabalpur,Bangalore,Executive,55133,3,68,25,67971.72
LNMIIT,Delhi,Manager,45664,3,39,33,69528.36
"MAIT, Delhi",Bangalore,Executive,49258,3,37,53,82986.23
NIT Raipur,Asansol,Executive,67454,2,84,29,69643.69
IIIT Allahabad,Kolkata,Executive,65689,3,36,58,80505.46
"MSIT, Delhi",Kolkata,Executive,58428,3,65,37,80805.33
NIT Bhopal,Surat,Executive,56828,4,48,54,71673.46
BITS Pilani (Pilani Campus),Ahmedabad,Executive,58460,2,41,49,72681.75
Jadavpur University,Ajmer,Executive,50281,3,51,50,63263.77
IIT Guwahati,Kolhapur,Executive,54657,1,71,26,65020.47
"BMS College, Bangalore",Kolhapur,Executive,47867,4,39,45,76955.95
DTU,Kozhikode,Executive,57924,1,43,54,73395.49
IIIT Allahabad,Hyderabad,Manager,58912,3,85,38,103944.32
R.V. College of Engineering,Surat,Manager,52752,3,35,48,72549.47
BITS Pilani (Goa Campus),Rajpur Sonarpur,Executive,49279,1,76,28,59191.67
NIT Tiruchipally (Trichy),Durgapur,Executive,52642,1,85,23,66869.52
"Cummins College of Engineering for Women, Pune",Durgapur,Executive,60253,3,58,55,69106.06
NIT Calicut,Asansol,Executive,57597,2,52,41,68679.91
IIT Kharagpur,Kozhikode,Manager,56103,1,66,25,95083.43
MNNIT Allahabad,Bangalore,Manager,65653,4,49,33,94368.83
"Amrita University, Coimbatore",Surat,Executive,49231,1,49,30,63816.55
NIT Rourkela,Chennai,Manager,58772,4,56,23,93127.08
"Dayanand College of Engineering, Bangalore",Durgapur,Executive,65684,2,79,46,65882.77
IIIT Allahabad,Hyderabad,Manager,63609,1,47,53,109221.39
Punjab Engineering College,Rourkela,Executive,56990,3,58,27,86557.85
IIITM Gwalior,Pune,Manager,67772,1,38,23,90785.9
NIT Surathkal (Karnataka),Kolhapur,Executive,49925,4,64,63,64951.65
BITS Pilani (Hyderabad Campus),Pune,Executive,58284,1,40,55,79183.24
"KIIT, Bhubaneswar",Bangalore,Executive,63979,4,42,35,67563.06
NIT Surathkal (Karnataka),Chennai,Executive,55342,2,63,34,80572.82
NIT Raipur,Rajpur Sonarpur,Executive,47766,1,82,19,67185
TIET/Thapar University,Pune,Executive,51176,1,58,39,59186.89
NIT Kurukshetra,Hyderabad,Executive,74256,2,40,27,83023.18
IIT Delhi,Pune,Executive,68071,3,85,57,88690.87
"BMS College, Bangalore",Surat,Executive,43991,3,63,52,65742.89
BITS Pilani (Pilani Campus),Rajpur Sonarpur,Executive,56932,3,60,28,76261.61
Manipal Main Campus,Kolkata,Executive,56426,1,70,50,67726.88
IIT Ropar,Ahmedabad,Executive,54155,3,70,44,78630.03
"Dayanand College of Engineering, Bangalore",Rourkela,Executive,43851,1,65,26,54865.59
Amity University,Asansol,Executive,56122,1,54,33,64557.84
"PES University, Bangalore",Durgapur,Manager,55131,2,42,19,93178.19
IIT Kanpur,Kolkata,Executive,57751,1,48,50,78378.46
NIT Kurukshetra,Bangalore,Executive,58653,4,66,41,80073.57
Amity University,Kozhikode,Executive,49004,1,69,52,89751.35
Jadavpur University,Durgapur,Executive,56930,3,74,39,66943.47
IIITM Gwalior,Ajmer,Executive,54247,1,49,50,85719.27
"KIIT, Bhubaneswar",Bangalore,Executive,58582,1,68,52,71322.55
BITS Pilani (Goa Campus),Kolkata,Manager,61709,4,39,60,117207.24
BITS Pilani (Hyderabad Campus),Surat,Executive,58409,4,37,20,56691.33
BIT Mesra,Ajmer,Executive,49158,1,54,55,85505.19
"KIIT, Bhubaneswar",Surat,Executive,63379,3,58,42,69885.18
"USIT, Delhi",Kolkata,Executive,56008,2,68,18,64849.34
NIT Rourkela,Chennai,Executive,60357,3,46,58,80065.96
"KIIT, Bhubaneswar",Rajpur Sonarpur,Manager,55592,4,79,43,93020.09
BIT Mesra,Chennai,Executive,56240,3,61,35,68760.12
NIT Kurukshetra,Hyderabad,Executive,51556,4,84,48,70431.03
IGDTUW,Surat,Executive,49213,1,82,36,68388.95
NIT Warangal,Chennai,Manager,65184,4,82,19,99052.84
Jalpaiguri Government Engineering College,Durgapur,Executive,45171,3,52,23,67097.18
BITS Pilani (Hyderabad Campus),Rajpur Sonarpur,Executive,57913,2,83,20,55293.75
IIT Delhi,Rourkela,Executive,61365,4,78,32,63147.41
NIT Raipur,Durgapur,Executive,58243,1,66,43,61544.46
"Heritage Institute of Technology, Kolkata",Chennai,Executive,66309,1,75,34,64938.37
IIT Delhi,Pune,Executive,64922,2,51,30,90181.89
NIT Tiruchipally (Trichy),Pune,Executive,56749,1,37,18,61767.79
IIT Roorkee,Ahmedabad,Executive,53798,2,44,41,70241.22
"PES University, Bangalore",Durgapur,Executive,46468,1,74,35,70966.3
NIT Raipur,Bangalore,Executive,65405,4,45,57,78163.11
NIT Rourkela,Rajpur Sonarpur,Executive,54254,2,60,29,61216.81
BITS Pilani (Hyderabad Campus),Delhi,Executive,62951,3,50,32,74365.36
IGDTUW,Pune,Executive,64066,4,64,37,69326.09
NIT Patna,Asansol,Manager,51461,3,74,18,72709.86
"IEM, Kolkata",Durgapur,Manager,49699,3,84,43,78721.3
"Cummins College of Engineering for Women, Pune",Kozhikode,Executive,63663,4,44,56,64125.56
IIT BHU (Varanasi),Kolkata,Executive,53866,3,40,38,72441.01
Amity University,Surat,Executive,55074,3,79,29,67749.39
NIT Patna,Surat,Executive,50177,3,58,22,60864.1
IIT Guwahati,Hyderabad,Manager,50204,4,49,52,69110.75
"KIIT, Bhubaneswar",Asansol,Executive,54135,2,70,40,58680.23
"MSIT, Delhi",Durgapur,Executive,63207,2,84,23,71112.14
MNIT Jaipur,Ajmer,Manager,50297,2,39,31,67527.15
NIT Warangal,Kolkata,Executive,67699,2,81,42,80017.56
IIT Ropar,Bangalore,Executive,53635,4,61,24,66094.08
NIT Bhopal,Kolhapur,Executive,57135,2,62,25,61164.74
IIIT Hyderabad,Ahmedabad,Executive,54256,4,83,48,68986
BITS Pilani (Goa Campus),Ajmer,Manager,56796,3,81,23,78555.43
Manipal Main Campus,Delhi,Executive,50007,4,35,45,69125.34
IIT Roorkee,Durgapur,Manager,56229,3,76,20,101915.6
"Cummins College of Engineering for Women, Pune",Durgapur,Executive,54621,2,52,62,74204.19
SRM Main Campus,Kolhapur,Manager,46454,2,44,43,80042.53
NIT Calicut,Kozhikode,Executive,52886,2,60,23,71190.67
DAIICT,Kolhapur,Executive,60025,2,54,31,71258.48
BITS Pilani (Goa Campus),Asansol,Executive,49743,4,63,41,77869.1
NIT Durgapur,Kozhikode,Executive,60429,1,35,58,88297.22
TIET/Thapar University,Ajmer,Executive,65477,2,36,48,63825.21
BITS Pilani (Goa Campus),Kolkata,Executive,42093,3,46,31,63799.66
NIT Tiruchipally (Trichy),Rourkela,Executive,54529,1,77,19,80699.82
"Amrita University, Coimbatore",Bangalore,Manager,58513,3,84,19,96121.86
"Jaypee, Noida",Kozhikode,Executive,58339,3,49,41,70172.65
Manipal Main Campus,Rourkela,Executive,59279,2,52,40,73150.11
"PES University, Bangalore",Pune,Executive,51921,1,35,31,73183.35
"KIIT, Bhubaneswar",Rourkela,Executive,52761,2,41,37,64003.57
IIIT Lucknow,Ahmedabad,Executive,65318,3,72,46,67462.73
"Jaypee, Noida",Asansol,Executive,57269,2,80,22,65914.62
Punjab Engineering College,Kolhapur,Executive,55593,1,82,51,74420.6
IIEST/BESU Shibpur,Bangalore,Manager,53100,3,59,18,78046.3
"KIIT, Bhubaneswar",Durgapur,Executive,41628,1,76,35,62015.95
IIT Guwahati,Asansol,Executive,61245,4,47,59,95876.25
SVNIT Surat,Chennai,Manager,62568,2,39,36,94030.29
DTU,Hyderabad,Manager,48402,4,47,37,81043.15
IIT BHU (Varanasi),Kolkata,Executive,58434,4,65,59,70821.12
"Cummins College of Engineering for Women, Pune",Kolhapur,Executive,54097,2,37,36,76870.6
"MAIT, Delhi",Rourkela,Executive,63767,3,35,39,92160.4
IIT Kharagpur,Hyderabad,Executive,50441,1,84,18,66181.93
NIT Jalandhar,Hyderabad,Executive,55296,4,43,52,69732.87
IIT Delhi,Surat,Executive,53330,4,39,27,61239.85
IIIT Lucknow,Ahmedabad,Executive,66173,3,52,18,84956.21
SRM Main Campus,Pune,Executive,52744,4,80,40,67304.59
NIT Sikkim,Ajmer,Executive,61383,4,61,29,67320.63
IIIT Lucknow,Rourkela,Manager,60448,4,60,46,112779.4
IIIT Delhi,Asansol,Executive,55152,1,35,38,63921.31
IIIT Hyderabad,Bangalore,Executive,42355,3,76,30,64636.87
NSUT Delhi (NSIT),Kolhapur,Executive,53884,1,63,40,73543.94
DAIICT,Kozhikode,Executive,49963,2,46,50,74265.14
"Amrita University, Coimbatore",Ajmer,Manager,53902,3,47,20,90466.74
"Amrita University, Coimbatore",Rajpur Sonarpur,Executive,44974,2,61,41,62808.8
"Cummins College of Engineering for Women, Pune",Pune,Executive,61732,1,66,33,60602.08
MNIT Jaipur,Ahmedabad,Executive,42170,1,52,38,65191.42
IIT Ropar,Ajmer,Executive,62831,3,85,42,70825.24
NIT Jamshedpur,Kolhapur,Executive,57686,4,65,56,74778.09
"IEM, Kolkata",Delhi,Executive,57254,1,70,58,71638.6
IIIT Lucknow,Asansol,Manager,60298,1,47,52,123416.99
Jalpaiguri Government Engineering College,Asansol,Manager,47335,2,52,20,73270.92
Jadavpur University,Ajmer,Executive,54452,3,40,54,65218.69
NIT Durgapur,Bangalore,Executive,49086,4,80,58,78946.57
"Jaypee, Noida",Rajpur Sonarpur,Executive,57475,4,64,45,72715.72
IIT Madras,Rourkela,Executive,60056,3,68,26,57304.09
NIT Patna,Delhi,Executive,42227,4,62,63,74288.12
IIT Indore,Bangalore,Executive,51636,3,77,58,62720.14
NIT Tiruchipally (Trichy),Ajmer,Executive,52099,4,49,37,66978.72
IIITM Gwalior,Kolkata,Executive,64898,1,65,25,53486.69
NIT Rourkela,Kolkata,Manager,67907,2,74,52,113508.8
R.V. College of Engineering,Hyderabad,Manager,62908,4,41,64,107149.02
IIITM Gwalior,Ajmer,Executive,50268,4,37,22,62997.46
IIEST/BESU Shibpur,Rourkela,Executive,55183,2,78,28,64495.67
IIT Madras,Asansol,Executive,61183,4,67,18,60461.93
IIT ISM Dhanbad,Kolkata,Executive,45023,2,39,28,65800.2
"MSIT, Delhi",Durgapur,Executive,52364,3,77,45,65458.44
IIT Delhi,Rajpur Sonarpur,Executive,55788,3,70,33,79389.33
IIT BHU (Varanasi),Chennai,Executive,69032,4,46,18,56675.95
Jadavpur University,Chennai,Manager,59439,1,77,32,108591.11
IIT Indore,Chennai,Manager,53547,3,82,24,88400.48
NIT Kurukshetra,Rajpur Sonarpur,Executive,40996,3,37,19,74415.2
NIT Jamshedpur,Delhi,Manager,48796,4,85,20,77569.74
BITS Pilani (Pilani Campus),Asansol,Executive,56829,4,74,40,81195.86
NIT Raipur,Delhi,Executive,54748,1,68,34,69403.41
NIT Calicut,Surat,Executive,60337,1,37,42,71376.42
BITS Pilani (Pilani Campus),Chennai,Executive,59176,3,35,51,67273.98
"KIIT, Bhubaneswar",Kolkata,Executive,55672,1,43,54,71726.71
NIT Surathkal (Karnataka),Kozhikode,Executive,63448,2,76,55,94510.73
NIT Jalandhar,Bangalore,Executive,50429,2,41,52,75993.47
NIT Tiruchipally (Trichy),Hyderabad,Executive,41989,4,48,32,62216.45
NIT Warangal,Kozhikode,Executive,63087,1,66,28,70052.79
NIT Raipur,Asansol,Executive,50400,4,76,41,62229.29
"Amrita University, Coimbatore",Rajpur Sonarpur,Executive,50106,2,66,43,71532.81
"Heritage Institute of Technology, Kolkata",Pune,Executive,59860,2,54,49,78562.35
IIT BHU (Varanasi),Durgapur,Manager,44965,2,77,64,83414.05
BITS Pilani (Goa Campus),Bangalore,Executive,55558,4,68,55,66632.83
IIEST/BESU Shibpur,Ajmer,Manager,57337,3,76,24,88044.35
NIT Bhopal,Kolhapur,Executive,55210,1,80,20,62180.74
SVNIT Surat,Kolkata,Executive,51416,1,84,45,73874.7
NIT Patna,Chennai,Executive,55875,4,76,26,67488.08
NIT Kurukshetra,Ahmedabad,Executive,58333,1,38,25,66935.07
TIET/Thapar University,Kolkata,Executive,46631,2,56,43,69919.87
"KIIT, Bhubaneswar",Asansol,Executive,47633,2,62,35,63618.8
"MSIT, Delhi",Bangalore,Manager,47460,4,82,26,74837.72
IIT Delhi,Durgapur,Executive,50315,2,46,57,77795.34
BITS Pilani (Goa Campus),Rajpur Sonarpur,Executive,54384,1,76,22,74948.17
"Amrita University, Coimbatore",Delhi,Executive,59354,4,72,32,60200.18
"Dayanand College of Engineering, Bangalore",Chennai,Manager,52881,3,57,39,87630.95
NIT Jalandhar,Ajmer,Executive,56763,3,38,25,58983.46
"Dayanand College of Engineering, Bangalore",Hyderabad,Executive,61870,1,42,48,65467.76
IIT Roorkee,Hyderabad,Manager,55180,2,73,47,79153.15
SRM Main Campus,Chennai,Manager,50723,1,59,18,80841.08
IIT Guwahati,Chennai,Executive,53125,1,42,18,60333.57
NIT Patna,Surat,Manager,65519,3,55,61,117307.7
VIT Vellore,Ajmer,Executive,54005,1,78,47,72128.86
IIT Guwahati,Hyderabad,Executive,41862,2,41,28,65494.51
NIT Jamshedpur,Bangalore,Executive,52694,1,36,36,68185.43
TIET/Thapar University,Surat,Manager,66148,2,41,20,111739.65
NIT Patna,Ajmer,Executive,64193,1,78,44,75081.97
DTU,Ahmedabad,Executive,44023,3,53,38,62231.54
NIT Warangal,Kozhikode,Manager,62788,4,55,19,89010.9
"Dayanand College of Engineering, Bangalore",Asansol,Executive,52880,1,64,21,60310.88
MNNIT Allahabad,Pune,Executive,47404,4,66,46,68071.37
IIT Kharagpur,Pune,Executive,53042,3,83,58,84687.72
"Heritage Institute of Technology, Kolkata",Ahmedabad,Executive,50887,4,37,20,63597.09
"Cummins College of Engineering for Women, Pune",Ajmer,Executive,52604,3,82,18,75098.22
"Amrita University, Coimbatore",Ahmedabad,Executive,53239,4,78,28,67381.61
IIIT Jabalpur,Ajmer,Executive,51444,2,42,33,67500.55
IIT Guwahati,Delhi,Executive,54855,3,53,19,60631.23
R.V. College of Engineering,Kolkata,Manager,59883,4,40,45,119585.49
BITS Pilani (Goa Campus),Rajpur Sonarpur,Manager,58204,4,36,62,101108.86
"Jaypee, Noida",Delhi,Executive,50670,1,41,25,68130.72
"Jaypee, Noida",Pune,Manager,53045,3,47,43,105077.7
IIT ISM Dhanbad,Surat,Manager,47753,4,73,42,90597.18
IIT Madras,Ahmedabad,Executive,49240,2,67,24,60020.13
Manipal Main Campus,Rajpur Sonarpur,Manager,47842,1,77,29,83103.77
IIIT Allahabad,Durgapur,Manager,49427,1,82,32,86755.79
"BMS College, Bangalore",Ajmer,Manager,54876,3,82,25,90608.41
"Dayanand College of Engineering, Bangalore",Durgapur,Executive,55179,4,54,41,72895.67
IIIT Hyderabad,Durgapur,Executive,47650,2,49,42,72634.98
IIT Ropar,Delhi,Executive,52669,2,84,33,66633.06
NIT Jalandhar,Bangalore,Executive,64069,2,40,34,76812.81
MNIT Jaipur,Asansol,Manager,56004,1,69,19,92433.88
IIT Madras,Rourkela,Manager,46000,4,64,30,63148.62
IIIT Lucknow,Ahmedabad,Executive,50518,3,75,18,82046.23
NIT Jamshedpur,Asansol,Executive,50130,2,40,19,54356.95
IIT Ropar,Rajpur Sonarpur,Executive,76070,2,54,18,58309.56
NIT Raipur,Bangalore,Executive,60495,3,47,35,84676.05
"Techno India, Kolkata",Surat,Executive,50935,2,67,39,66054.39
TIET/Thapar University,Kolkata,Executive,60109,2,47,31,61396.48
"PES University, Bangalore",Asansol,Manager,55145,4,38,62,82190.52
TIET/Thapar University,Kolhapur,Executive,62619,1,77,62,71767.67
NIT Kurukshetra,Rajpur Sonarpur,Manager,61299,4,72,42,103103.64
NIT Tiruchipally (Trichy),Durgapur,Executive,47058,4,53,31,62076.85
"Cummins College of Engineering for Women, Pune",Kolkata,Executive,59344,1,64,61,84601.54
IIT Kanpur,Asansol,Executive,61239,4,85,42,69545.88
IIT BHU (Varanasi),Bangalore,Executive,57311,3,54,51,66931.93
IIIT Hyderabad,Durgapur,Executive,47080,4,66,23,84688.33
NSUT Delhi (NSIT),Ahmedabad,Executive,59189,4,45,52,82670.85
MNNIT Allahabad,Bangalore,Executive,46452,4,83,57,70993.97
Amity University,Surat,Executive,58254,4,42,23,73463.16
"Dayanand College of Engineering, Bangalore",Ahmedabad,Executive,72649,3,69,52,78861.46
IIT Kanpur,Pune,Executive,59661,4,68,50,69712.4
IIIT Delhi,Surat,Executive,53714,1,67,18,69298.75
VIT Vellore,Kozhikode,Executive,61957,1,47,18,66397.77
IIIT Hyderabad,Ahmedabad,Executive,53203,3,69,21,64044.38
VIT Vellore,Asansol,Manager,55523,1,47,61,83346.06
"Jaypee, Noida",Bangalore,Manager,55523,3,66,19,71406.58
NIT Raipur,Rourkela,Executive,57081,1,84,18,68005.87
"Dayanand College of Engineering, Bangalore",Ajmer,Executive,60347,2,52,28,76764.02
IIIT Hyderabad,Ahmedabad,Executive,49010,2,81,33,82092.39
Amity University,Durgapur,Executive,57879,4,74,32,73878.1
LNMIIT,Chennai,Executive,54340,4,73,31,59950.89
IIT BHU (Varanasi),Ajmer,Executive,60298,1,42,46,66602.34
MNIT Jaipur,Ahmedabad,Executive,49944,2,56,37,57768.44
NIT Jamshedpur,Bangalore,Executive,53124,4,40,37,70083.3
NIT Tiruchipally (Trichy),Durgapur,Executive,51141,1,47,60,85648.48
"USIT, Delhi",Rourkela,Executive,49497,1,50,25,74914.15
"Techno India, Kolkata",Rourkela,Manager,50197,2,66,62,85219.39
VIT Vellore,Rourkela,Executive,63234,4,73,23,82910.94
"Techno India, Kolkata",Ajmer,Executive,60059,2,71,56,74350.08
Jalpaiguri Government Engineering College,Chennai,Manager,66487,1,50,27,103595.83
Jadavpur University,Ahmedabad,Executive,49292,4,49,19,70729.63
LNMIIT,Rajpur Sonarpur,Executive,55400,4,48,52,70051.94
IIT Ropar,Pune,Executive,53089,2,72,23,69403.49
IIT BHU (Varanasi),Bangalore,Executive,69345,3,79,56,84710.53
"Jaypee, Noida",Ahmedabad,Manager,63508,1,48,30,95879.94
BITS Pilani (Goa Campus),Surat,Executive,60057,1,61,60,73487.13
IIT ISM Dhanbad,Bangalore,Executive,52402,3,35,30,61597.98
"BMS College, Bangalore",Pune,Executive,60180,2,68,18,63119.8
"MSIT, Delhi",Surat,Manager,53422,4,44,34,98586.83
"PES University, Bangalore",Pune,Executive,49857,3,37,37,71502.56
BITS Pilani (Goa Campus),Durgapur,Executive,48682,3,82,59,64320.67
"USIT, Delhi",Hyderabad,Executive,48516,2,37,63,77310.22
"KIIT, Bhubaneswar",Chennai,Executive,54363,3,44,55,74825.2
BITS Pilani (Goa Campus),Kozhikode,Executive,39636,3,43,23,59230.44
"Jaypee, Noida",Chennai,Manager,65172,1,44,31,107138.14
NIT Durgapur,Rourkela,Manager,58529,1,65,22,102763.61
NIT Warangal,Kozhikode,Executive,50011,2,72,18,69764.49
NIT Tiruchipally (Trichy),Durgapur,Executive,50020,4,75,19,59889.14
"Techno India, Kolkata",Pune,Executive,55764,2,64,63,82356.41
Jadavpur University,Pune,Manager,60894,4,80,28,118651.89
IIT Kharagpur,Kolkata,Executive,42259,4,37,19,66762.27
NIT Kurukshetra,Kolkata,Executive,59978,2,75,62,79454.74
"Dayanand College of Engineering, Bangalore",Kolhapur,Executive,47129,1,41,26,66079.85
"Techno India, Kolkata",Kolhapur,Manager,57485,1,77,35,103774.34
"Techno India, Kolkata",Kozhikode,Manager,62593,3,71,60,112716.44
"MSIT, Delhi",Kolhapur,Executive,48913,3,41,24,62819.16
IIITM Gwalior,Pune,Executive,66101,4,81,31,55470.55
IIIT Delhi,Chennai,Executive,49622,2,73,41,69510.05
"MSIT, Delhi",Surat,Executive,59386,4,46,37,68064.76
"Jaypee, Noida",Rajpur Sonarpur,Executive,66050,1,35,38,69116.93
"IEM, Kolkata",Delhi,Executive,59492,1,69,55,86354.84
IIIT Allahabad,Kolhapur,Executive,61134,3,72,18,60456.69
IIT Delhi,Rourkela,Executive,61956,4,54,28,71791.28
NIT Sikkim,Rourkela,Executive,46086,4,50,60,67626.89
"USIT, Delhi",Asansol,Manager,61481,3,79,36,99794.4
BITS Pilani (Goa Campus),Kolhapur,Executive,55727,3,79,18,70350.79
IIIT Jabalpur,Durgapur,Executive,61576,2,73,21,58818.77
IIT Kanpur,Hyderabad,Manager,57563,1,64,48,86487.58
Punjab Engineering College,Kolhapur,Manager,58288,3,84,36,92378.5
LNMIIT,Kolkata,Executive,55282,3,60,40,73281.55
Amity University,Chennai,Manager,66624,1,63,58,110438.17
"BMS College, Bangalore",Bangalore,Executive,59443,3,52,58,67485.1
IIT Indore,Surat,Manager,51937,3,64,18,92518.37
IIIT Allahabad,Asansol,Manager,46477,3,37,53,72977.63
"Jaypee, Noida",Asansol,Executive,62470,3,60,34,64770.75
IIT ISM Dhanbad,Asansol,Executive,51123,2,52,43,74845.87
IIT Ropar,Pune,Executive,56301,3,58,25,59913.31
IIIT Hyderabad,Ahmedabad,Executive,46670,1,69,64,95961.18
"MSIT, Delhi",Hyderabad,Executive,54375,2,82,28,60766.38
"USIT, Delhi",Asansol,Manager,45227,4,40,20,69193.96
SRM Main Campus,Ahmedabad,Executive,50787,4,81,19,66433.4
"Heritage Institute of Technology, Kolkata",Durgapur,Executive,62919,3,42,61,73410.95
NSUT Delhi (NSIT),Hyderabad,Executive,51770,3,45,40,68447.63
Jalpaiguri Government Engineering College,Surat,Executive,60123,1,47,40,60185.4
NIT Raipur,Kolhapur,Manager,51002,4,41,28,76765.02
"IEM, Kolkata",Asansol,Manager,46940,1,69,27,70157.03
DTU,Kolkata,Executive,49905,4,66,31,75297.34
"BMS College, Bangalore",Ajmer,Executive,51505,2,55,53,76960.48
IIT Kharagpur,Rourkela,Executive,52474,3,79,58,76204.89
MNIT Jaipur,Delhi,Executive,49172,2,57,44,63782.2
NIT Tiruchipally (Trichy),Kolkata,Executive,56916,3,42,57,69415.11
"Heritage Institute of Technology, Kolkata",Delhi,Executive,59386,1,38,29,64472.36
"PES University, Bangalore",Kolkata,Executive,55748,3,84,21,60815.42
"MAIT, Delhi",Chennai,Executive,65574,2,83,22,55902.83
DTU,Bangalore,Executive,58541,4,79,41,64468.29
IIT Madras,Kozhikode,Executive,50672,4,79,31,76093.36
NIT Sikkim,Kozhikode,Executive,68071,1,70,45,81430.49
NIT Jalandhar,Delhi,Manager,58815,4,71,22,106165.08
BITS Pilani (Pilani Campus),Kozhikode,Executive,62493,3,74,48,67374.71
NIT Surathkal (Karnataka),Pune,Manager,60182,4,59,37,103574.45
"Heritage Institute of Technology, Kolkata",Pune,Manager,42941,1,49,45,74191.43
BITS Pilani (Pilani Campus),Asansol,Manager,55505,2,40,57,100887.85
"Amrita University, Coimbatore",Asansol,Executive,54114,3,82,56,78715.16
"BMS College, Bangalore",Pune,Executive,57670,1,41,46,70686.71
"Techno India, Kolkata",Asansol,Executive,54361,2,68,55,73231.75
NIT Patna,Chennai,Executive,67083,4,39,21,66296.73
IIIT Allahabad,Ahmedabad,Executive,52483,2,65,53,71738.23
VIT Vellore,Asansol,Manager,55581,4,49,59,99551.34
NIT Kurukshetra,Hyderabad,Executive,62243,1,41,35,75903.42
"Amrita University, Coimbatore",Ajmer,Manager,59293,1,81,64,105308.78
"PES University, Bangalore",Kozhikode,Executive,59707,3,70,28,56003.61
NIT Jalandhar,Asansol,Executive,57726,4,84,54,68673.29
IIT Kanpur,Kozhikode,Executive,58401,4,45,55,76028.5
LNMIIT,Durgapur,Manager,41228,2,64,56,87418.05
NIT Surathkal (Karnataka),Hyderabad,Manager,40945,1,46,38,74984.02
NIT Patna,Delhi,Executive,54794,4,47,41,66591.29
"MAIT, Delhi",Kolkata,Executive,51692,2,57,30,72088.04
"KIIT, Bhubaneswar",Kolhapur,Executive,52305,1,35,18,78521.17
IIIT Allahabad,Hyderabad,Manager,56680,4,63,61,85688.72
MNNIT Allahabad,Delhi,Executive,52300,4,52,34,66657.86
NIT Kurukshetra,Kozhikode,Manager,56710,2,47,20,67879.02
IIT Madras,Delhi,Executive,51351,1,69,19,60069.68
IIIT Allahabad,Rajpur Sonarpur,Executive,51022,2,55,26,67820.31
NIT Silchar,Asansol,Executive,52096,3,37,29,65685.02
"BMS College, Bangalore",Rajpur Sonarpur,Manager,59099,2,67,63,103305.3
DAIICT,Rourkela,Executive,57677,4,77,54,76671.69
IIT Roorkee,Rourkela,Executive,59343,3,85,55,76577.99
IIT Madras,Asansol,Executive,54767,1,35,37,66693.98
"PES University, Bangalore",Ajmer,Executive,60869,1,77,21,60125.97
Jadavpur University,Delhi,Executive,53949,4,81,52,80042.11
Amity University,Asansol,Executive,48707,4,77,60,97106.11
BITS Pilani (Pilani Campus),Chennai,Executive,77911,1,50,58,87831.62
NIT Calicut,Ajmer,Manager,54183,1,40,29,70630.95
BITS Pilani (Hyderabad Campus),Ahmedabad,Executive,51099,3,71,49,67516.63
"PES University, Bangalore",Kozhikode,Executive,51591,1,79,37,67573.29
"IEM, Kolkata",Kolhapur,Executive,61057,1,41,44,80714.79
IIT Madras,Asansol,Executive,48280,4,79,18,75430.51
VNIT Nagpur,Hyderabad,Executive,57606,4,78,20,54071.79
IIT ISM Dhanbad,Rajpur Sonarpur,Manager,55440,4,72,44,112826.26
BITS Pilani (Goa Campus),Kolhapur,Executive,54055,1,63,47,60944.33
IIT Delhi,Ajmer,Executive,49862,3,82,26,65065.52
"Amrita University, Coimbatore",Asansol,Manager,56204,2,65,19,82667.77
NIT Jalandhar,Ahmedabad,Executive,65161,2,41,52,82517.59
IIT Ropar,Ajmer,Manager,42143,3,38,32,88208.37
VIT Vellore,Bangalore,Executive,57924,4,62,38,68023.41
"Dayanand College of Engineering, Bangalore",Hyderabad,Executive,48755,2,69,59,73464.75
IIT Indore,Delhi,Executive,50926,3,83,61,77222
"IEM, Kolkata",Ahmedabad,Executive,65158,3,67,53,67163.57
IIIT Lucknow,Asansol,Executive,46073,4,73,19,59241.32
"MSIT, Delhi",Bangalore,Executive,53110,4,43,20,72322.79
"MAIT, Delhi",Kolkata,Executive,50180,1,41,22,55226.53
"BMS College, Bangalore",Asansol,Executive,61124,3,64,19,73417.07
Jalpaiguri Government Engineering College,Asansol,Executive,54583,3,82,22,63534.87
NIT Rourkela,Ahmedabad,Executive,52400,3,72,54,90774.04
Jadavpur University,Surat,Executive,64264,1,51,22,77666.95
VNIT Nagpur,Kolkata,Executive,44197,3,52,34,95868.3
DAIICT,Rourkela,Executive,56273,1,75,26,74544.57
Jadavpur University,Kolkata,Manager,47481,4,42,34,77150.63
NSUT Delhi (NSIT),Rourkela,Executive,58053,1,53,29,86298.82
VIT Vellore,Kolhapur,Manager,58071,4,76,30,74697.64
"Amrita University, Coimbatore",Kolkata,Executive,66845,1,60,29,58695.65
BITS Pilani (Goa Campus),Rourkela,Manager,60396,3,72,46,96190.72
NIT Surathkal (Karnataka),Ahmedabad,Executive,67056,3,55,51,63582.13
IIT Roorkee,Asansol,Executive,63823,4,39,53,61586.14
VIT Vellore,Kolkata,Executive,49475,3,71,19,75037.68
IIT Ropar,Ahmedabad,Executive,50330,3,80,35,61282.09
Amity University,Durgapur,Executive,57858,4,43,48,71522.23
NIT Surathkal (Karnataka),Kozhikode,Executive,61627,3,58,32,74596.33
Jalpaiguri Government Engineering College,Rourkela,Manager,49733,1,76,42,77168.22
IIIT Hyderabad,Kolhapur,Executive,55308,2,36,40,75028.75
IIT ISM Dhanbad,Ajmer,Executive,66048,4,80,44,76619.74
"PES University, Bangalore",Hyderabad,Manager,49405,1,63,48,75910.11
IIT Delhi,Kolkata,Manager,49810,1,47,18,73056.77
"Techno India, Kolkata",Rourkela,Manager,56330,4,46,30,94478.7
"PES University, Bangalore",Kolhapur,Executive,56485,2,36,50,69960.25
"Amrita University, Coimbatore",Surat,Manager,47053,2,46,42,67407.05
IIT ISM Dhanbad,Surat,Manager,64179,4,74,18,97119.39
BITS Pilani (Pilani Campus),Durgapur,Executive,60385,4,78,54,83984.48
IIT Indore,Rourkela,Executive,50963,2,45,32,76385.23
"Dayanand College of Engineering, Bangalore",Rourkela,Executive,50024,1,77,37,66216.7
IIITM Gwalior,Pune,Executive,50334,2,36,47,82526.93
NIT Durgapur,Ahmedabad,Executive,61054,3,68,20,74459.25
MNIT Jaipur,Kolkata,Executive,58629,3,39,32,62936.7
NIT Silchar,Bangalore,Executive,52519,2,45,19,59425.89
"USIT, Delhi",Kolkata,Executive,46993,3,50,27,69437.63
SRM Main Campus,Asansol,Executive,67559,4,45,63,72083.49
NIT Surathkal (Karnataka),Delhi,Executive,55944,2,53,49,69163.36
NIT Jamshedpur,Bangalore,Executive,38709,3,56,18,72747.12
BITS Pilani (Pilani Campus),Chennai,Executive,61130,3,58,35,66726.94
TIET/Thapar University,Durgapur,Executive,54941,2,50,24,57067.63
"PES University, Bangalore",Kozhikode,Manager,58639,2,46,63,109108.12
NIT Sikkim,Kolhapur,Executive,52098,2,84,38,73831.46
IIT Indore,Chennai,Executive,53618,2,52,54,79031.2
Jalpaiguri Government Engineering College,Rourkela,Executive,57261,4,62,46,77631.46
"Heritage Institute of Technology, Kolkata",Kolkata,Executive,53158,4,66,41,78524.15
Manipal Main Campus,Delhi,Executive,53511,1,84,58,70856.24
VIT Vellore,Ahmedabad,Executive,58408,2,56,18,61042.81
IGDTUW,Chennai,Executive,46722,2,49,22,66407.61
BITS Pilani (Hyderabad Campus),Delhi,Executive,49331,1,78,44,71632.13
"MAIT, Delhi",Bangalore,Executive,53717,2,41,44,78002.78
NIT Sikkim,Chennai,Manager,70258,4,38,36,115126.75
BIT Mesra,Kozhikode,Executive,53186,3,62,26,58559.16
NIT Rourkela,Delhi,Executive,59273,1,80,30,62275.25
DAIICT,Ahmedabad,Executive,59466,3,45,41,73749.44
Amity University,Pune,Executive,55639,1,40,29,55927.32
Manipal Main Campus,Delhi,Executive,61138,3,68,61,67174.81
"MSIT, Delhi",Hyderabad,Executive,47831,4,74,36,70249.63
NIT Patna,Rourkela,Executive,51919,4,82,25,69896.22
NIT Kurukshetra,Ajmer,Executive,49310,1,47,56,68123.8
NSUT Delhi (NSIT),Kolkata,Executive,61973,1,51,18,56131.76
"Jaypee, Noida",Pune,Executive,52475,3,39,19,63426.48
NIT Jamshedpur,Surat,Executive,62262,3,43,39,68762.6
MNNIT Allahabad,Durgapur,Executive,49159,3,57,45,65693.05
BITS Pilani (Goa Campus),Kozhikode,Executive,44451,1,65,51,59721.74
BITS Pilani (Pilani Campus),Surat,Executive,64873,3,48,64,85224.19
IIEST/BESU Shibpur,Bangalore,Executive,55261,1,36,19,53356.72
TIET/Thapar University,Rourkela,Executive,53405,1,46,48,67405.54
"Dayanand College of Engineering, Bangalore",Rajpur Sonarpur,Executive,48982,3,77,60,73639.06
IIT Roorkee,Bangalore,Manager,60286,1,73,27,91956.84
TIET/Thapar University,Rajpur Sonarpur,Executive,44712,2,49,46,76451.55
NIT Raipur,Bangalore,Executive,49882,2,57,28,64100.13
VIT Vellore,Pune,Executive,46791,3,59,59,78379.79
Punjab Engineering College,Kolhapur,Manager,52585,3,78,35,77592.94
TIET/Thapar University,Kolhapur,Executive,59130,1,79,63,70314.89
"Techno India, Kolkata",Pune,Executive,63061,4,36,40,72339.71
BITS Pilani (Hyderabad Campus),Durgapur,Executive,55293,4,39,20,75774.95
DTU,Pune,Executive,54222,4,40,40,71232.98
BITS Pilani (Pilani Campus),Bangalore,Executive,48720,3,66,24,61022.27
"Amrita University, Coimbatore",Rourkela,Executive,49971,2,77,34,69437.41
IIT Indore,Ajmer,Executive,58774,4,70,45,73028.67
NSUT Delhi (NSIT),Kolkata,Executive,59781,1,46,41,76811.45
IIT Roorkee,Hyderabad,Executive,54690,3,71,53,65923.72
IIT Guwahati,Surat,Executive,43494,1,60,27,68676.93
Jadavpur University,Rajpur Sonarpur,Executive,54356,1,69,26,67766.33
NIT Warangal,Rourkela,Executive,44261,4,64,24,75535.5
"MSIT, Delhi",Kolhapur,Executive,61570,3,74,34,75762.91
"KIIT, Bhubaneswar",Rajpur Sonarpur,Executive,59600,3,52,53,75588.76
NIT Warangal,Hyderabad,Executive,52971,2,56,32,70086.07
IIT Roorkee,Delhi,Manager,57963,2,60,19,96125.18
R.V. College of Engineering,Kozhikode,Manager,44781,2,75,42,80753.62
"MSIT, Delhi",Asansol,Executive,62903,4,82,55,71048.24
IIIT Hyderabad,Surat,Executive,58282,4,78,28,71454.9
IIIT Hyderabad,Chennai,Executive,66411,1,47,58,87222.87
IIT Kanpur,Surat,Executive,58109,4,44,41,75683.99
IIT Delhi,Surat,Executive,51572,4,35,47,78834.2
LNMIIT,Rourkela,Executive,63031,1,48,42,72943.91
"MSIT, Delhi",Ajmer,Executive,54081,1,42,59,66774.11
IIT ISM Dhanbad,Kolkata,Executive,45676,4,81,19,58845.4
IIT Ropar,Delhi,Executive,52116,2,60,59,75689.83
"PES University, Bangalore",Rourkela,Executive,46127,1,56,39,68623.41
"Cummins College of Engineering for Women, Pune",Delhi,Manager,48343,3,78,40,68392.67
IIIT Allahabad,Ahmedabad,Executive,56666,3,47,18,53730.63
DTU,Bangalore,Executive,67170,4,55,31,69913.11
NSUT Delhi (NSIT),Hyderabad,Manager,51096,3,70,19,80820.27
IIT Ropar,Hyderabad,Executive,64120,2,35,44,71001.53
IIT Ropar,Chennai,Manager,59001,2,81,23,89974.05
"Techno India, Kolkata",Durgapur,Executive,45187,3,74,33,71161.34
BITS Pilani (Hyderabad Campus),Hyderabad,Executive,53027,4,69,55,106846.34
TIET/Thapar University,Rajpur Sonarpur,Executive,55858,4,47,40,77673.29
Jadavpur University,Rourkela,Manager,49074,3,58,63,84287.39
"Cummins College of Engineering for Women, Pune",Rourkela,Executive,54121,3,51,54,84320.29
BITS Pilani (Goa Campus),Surat,Executive,61285,3,44,60,77283.59
NIT Warangal,Rajpur Sonarpur,Executive,63140,1,44,24,68416.86
NIT Tiruchipally (Trichy),Ahmedabad,Executive,44907,1,60,19,70186.19
IIIT Hyderabad,Durgapur,Executive,52054,2,67,29,73394.09
R.V. College of Engineering,Delhi,Manager,44353,3,75,18,70056.31